,CHR,MiddlePosition,position,snp_ids,Ref_allele,Alt_allele,Region,z_KIDNEY_CKD,z_DIAGRAM_T2D,z_KIDNEY_EGFR-CREA,z_LOOS_BEATSTMN,PVALmin
0,1,15894620.5,15835234,rs10754894,A,G,11,2.305975893747139,-1.0915751921082857,-7.071233620175732,-1.6008718978387677,1.5356235531846931e-12
1,1,149950067.0,150951477,rs267734,C,T,75,-2.92002794436202,-1.1503493803760003,7.2555611541277,0.8636139468717133,3.999999999999968e-13
2,1,200863812.0,201016296,rs3850625,A,G,103,-1.5141018876192844,1.3407550336902043,5.805955394432233,-0.4783515662363805,6.399999999999922e-09
3,1,207241814.5,208132045,rs2745969,C,T,107,2.3110212140159803,0.6972296243550219,-1.566285566349096,-8.206830385911623,2.2710403548627826e-16
4,2,15332521.5,15788692,rs56019566,T,C,142,-0.7392649926077811,-1.9883124575820896,7.43902160947199,-1.2792583357046268,1.0143373220219603e-13
5,2,27746881.0,27730940,rs1260326,T,C,149,-1.475791028179155,-1.873495453369492,7.582102305000348,3.4584961679708752,3.3999999999999394e-14
6,2,74402467.0,73751966,rs7567585,A,G,181,-3.475154764353189,-0.4104313258193624,10.435641669661322,0.945324776399785,1.7045816657929206e-25
7,2,148743727.0,148938579,rs7587464,T,C,221,-1.9846876939985287,1.4957836836651923,6.258017929078791,1.1352688320805937,3.899010053139027e-10
8,2,170597240.5,170023318,rs11884342,G,A,236,-3.695328719656592,2.3927987217333726,6.0036664319995925,0.11866175645959964,1.9291082502775204e-09
9,2,179932961.0,179727315,rs56345539,C,A,241,-2.9844961220268376,1.3259141575439355,1.4732393764010112,8.872554207446509,7.148702789523313e-19
11,2,232696696.0,232274086,rs13001643,A,G,269,2.0326032712073383,0.4171618155696111,-0.7329782732957956,-6.811749544229494,9.641886519793125e-12
12,3,12045232.0,12336507,rs11709077,A,G,286,0.30548078809939744,-6.094179757577837,0.0,-0.25762024983080783,1.1000000000000036e-09
13,3,13943849.5,13906850,rs6795744,A,G,287,-2.3656181268642924,1.0803193408149492,5.7376486682639225,0.7796447633569371,9.599999999999833e-09
14,3,52956702.5,53352099,rs1001222,A,G,313,-1.056452555594769,1.6930988772589401,1.8767336805650383,-6.129951585293659,8.79058191160825e-10
15,3,142251862.5,141763144,rs7638352,T,C,364,-2.873709165513592,-1.5751400636981137,7.472719652154354,2.009799384120798,7.855409001647131e-14
18,4,78112343.0,77368847,rs17319721,A,G,451,4.473359941525428,0.8238936303385576,-12.818006510162144,-1.176988741356496,1.3000000000000688e-37
19,4,104263325.0,103554019,rs2866406,A,G,467,-2.1241170707712285,-2.7427447145518533,6.349715792414397,-0.9526654364866668,2.157130789181055e-10
20,5,39545069.5,39367739,rs700236,G,A,547,4.0306833915291165,-0.1884741216695008,-9.769993436263835,-0.032371090837400016,1.5146188416703047e-22
21,5,137820561.0,137027285,rs2905603,T,C,603,0.09813969277388354,0.7067158763047167,0.4647727780734386,-5.863091067284174,4.543288777234455e-09
22,5,176351051.0,176817636,rs6420094,G,A,627,5.897075763718059,1.5547735945968546,-9.650325392039928,1.7609314860060366,4.899999999999972e-22
23,6,20445776.0,20694228,rs4710941,T,C,646,0.08235603820944476,10.516465244147438,-1.3043626096518612,-0.15612794984339512,7.254429193110538e-26
24,6,44581366.0,43809802,rs9472135,C,T,665,-4.144874411980004,3.9630444405385545,7.879004353330872,-0.6585263047404851,3.300000000000003e-15
25,6,118318043.5,118667522,rs11153730,C,T,709,-0.06270677794321386,1.475791028179155,0.21470156800174456,-7.784354555745938,7.006999999999938e-15
26,6,119463196.5,118995297,rs55892056,T,C,710,-1.0676519863555165,0.6708509270396554,0.02801201442341539,-7.4865053262993655,7.073167560650057e-14
28,6,122880928.5,122148562,rs763076,G,A,713,0.3188633081078448,0.1767953390852285,-0.3895473132766804,9.905028584028676,3.9585684222977716e-23
29,6,161375030.5,160652858,rs315978,T,C,735,-2.080849505976528,-1.3160522458297093,9.023431528034363,1.5550529772138793,1.8228785222114116e-19
30,7,27134932.0,28198677,rs1708302,C,T,766,0.5312762537151133,7.0403053968668425,-1.4474539299207183,1.2984147455534996,1.9181893784829017e-12
31,7,77276211.5,77448680,rs62460744,T,C,792,4.109646128296826,-1.426683851410248,-8.213600857257129,0.3287399611551638,2.146522714058008e-16
32,7,100697952.0,100474289,rs12667888,C,T,805,0.6265997242167239,-0.6243236742002602,1.8481663746363743,8.615285523005284,6.976750947825187e-18
33,7,131614131.0,130452227,rs10238574,C,T,823,1.9985941083631997,6.9691400721528245,-1.8238183700690656,-2.896502524949122,3.1888408839287213e-12
34,7,151480655.5,151411494,rs73728279,T,G,837,7.643794590256988,-0.5672774188134392,-11.34047305599633,-0.3945900373411653,8.269622372166737e-30
35,7,156849923.5,156261321,rs10949591,G,A,841,-2.921593521754403,-0.5959407057282644,6.644141183102933,0.5950294169015035,3.0499012704422385e-11
36,8,23785887.5,23714992,rs3758086,A,G,866,3.5335619446077686,-1.2815515655445902,-7.96147530247169,0.7467739875055874,1.6999999999999927e-15
37,8,117890976.0,118204020,rs9650069,T,C,920,-0.05204791724463991,-7.503964413650856,-0.4694269760442473,-0.011428135248576804,6.191611978970202e-14
38,9,21335046.5,22132076,rs2383208,G,A,952,0.12566134685507396,-7.50808182594289,-0.06270677794321386,-0.7011650793663029,6.000000000000159e-14
39,9,68992450.5,71432174,rs2039424,G,A,966,4.4171075859591,-1.4809066351037925,-8.149742657967767,-0.4707150546833404,3.646995261087625e-16
40,10,1137441.5,1157019,rs59377495,T,C,1012,6.351602410185071,0.5880162675847307,-7.508141476070799,-0.5933521953107803,5.99726735312893e-14
41,10,52228772.0,52645424,rs10994860,T,C,1043,-0.7063025628400874,-0.6903088239330339,6.4393325776178125,0.5159347250702417,1.1999999999999858e-10
42,10,94365707.5,94362928,rs7096101,G,A,1069,0.2603733124665673,9.073623889959796,0.5706631956323336,1.749011320040615,1.15122977716311e-19
43,10,113944962.5,114765747,rs4575195,A,C,1080,0.8386759010896909,17.659638673413294,-1.2910836269658066,1.3000321583222705,8.578706578160108e-70
44,11,2439535.5,2794392,rs233438,G,A,1097,3.161166867115383,1.3760960739053667,-6.434515222016152,1.8367618448018417,1.238680251626966e-10
45,11,31209129.0,30749090,rs963837,C,T,1116,-5.345837352543956,1.8956979239918401,8.638411475007041,1.4985130678799776,5.700000000000014e-18
46,11,54889065.0,54856349,rs2704123,A,C,1126,-5.933627640846754,-1.2267553759243572,3.0641039193924886,1.6644467990840919,2.963134377008598e-09
47,11,60502160.0,61571382,rs174549,A,G,1129,-0.6744897501960816,-3.1746835274550755,-0.5388360302784502,7.114155676593878,1.1260000000000091e-12
49,11,92676650.5,92682604,rs11020114,C,T,1147,-0.056534371913708414,6.9825168111131255,-0.3653669263352446,-0.9788203671412192,2.899382606576516e-12
50,12,570719.0,349298,rs10774021,C,T,1180,-2.5121443279304616,0.5388360302784502,6.911368607735777,-0.2871466943147454,4.799999999999994e-12
51,12,3110911.5,3368093,rs10491967,A,G,1182,2.457263390205438,0.5680514983389828,-6.2987786666429875,0.2082932522902252,3.0000000000000243e-10
52,12,15775972.0,15342463,rs10459101,T,G,1192,-1.1043796735946416,-2.222016206456252,6.112901304219161,1.6438639749196795,9.78358834738551e-10
53,12,24595858.5,24776799,rs12826024,A,G,1196,1.7792992701260295,2.0689016825289883,-2.504433087179139,-7.499718473455634,6.395504343087381e-14
54,12,35466853.0,33508498,rs10844564,T,C,1202,-0.9894032452436164,-2.6861385222041934,-0.7241561186571651,7.5457438214304995,4.4971328884118476e-14
55,12,38541943.0,37973664,rs11610666,G,A,1203,-1.1933860842392177,-3.1504976499118325,-0.30851284582726857,6.786837654360705,1.1461805949245103e-11
56,12,48358329.5,48747249,rs2468943,G,T,1209,2.1540832711254234,-1.3596725094294655,-6.1977993980311705,-0.15374266857944366,5.725805128747878e-10
57,12,58428763.0,57728776,rs7397189,G,T,1215,-1.0122997855074582,1.1824791799710002,5.936422645397898,2.02242662594717,2.913082618779245e-09
58,12,75164884.0,76282335,rs3942161,T,G,1225,-2.72800832983637,-0.4433938425666769,6.0125011271638975,0.8408912171154375,1.8268256193098345e-09
59,14,23961894.0,23870752,rs432256,A,G,1326,-0.2743373806990252,0.29741553670527704,-0.6107264976500814,11.355671841903204,6.950354256120734e-30
60,14,86196660.5,85815507,rs61980087,A,G,1365,0.01158843071625119,1.1412421756635018,-1.5089404893019285,-6.1905921611913,5.993860994457332e-10
61,15,41976956.5,41357687,rs11854472,A,G,1394,4.141044850621893,-0.9312773299977312,-6.225974651980809,-2.522483228030327,4.785714424900821e-10
62,15,45408418.0,45675440,rs1145084,A,G,1396,7.317470121715709,0.8179421769153519,-14.580453350108895,0.4788178647599002,3.7402465044052304e-48
63,15,53788812.0,53947456,rs690597,G,A,1401,-4.878181293253942,1.4623756455106498,8.727327482170661,-0.1992297209214754,2.6076119285608194e-18
64,15,72775681.5,73618309,rs2660824,C,T,1413,1.2815515655445902,1.7114395577093602,-0.6128129910166271,6.515869056856903,7.226999999999982e-11
65,15,75013669.0,73664310,rs8035896,G,T,1414,-0.9384273818109866,-0.4853814727999391,-0.1149951107483766,-8.348193578990246,6.931490363682811e-17
66,16,15309031.0,15915680,rs538658120,T,C,1444,-0.1418115556595871,-1.857104059529186,-0.13819833422813646,5.925724735705867,3.109230380401251e-09
67,16,21299737.5,20366507,rs13329952,C,T,1448,-10.420452200803096,0.8778962950512281,13.704821997659725,-0.030711023285021205,9.499999999999459e-43
68,16,54643173.0,53821125,rs17817712,G,A,1458,0.6054270635865244,7.633659237813702,1.0127219882235068,-1.5289503924831471,2.2818255451130988e-14
69,17,20073338.5,19440538,rs894680,A,G,1499,3.582746902115044,0.30548078809939744,-6.806502490740625,-0.8036485079314971,1.0000000000000067e-11
70,17,37843374.0,37532916,rs4511574,T,C,1506,-2.182239718595669,2.685077943899353,9.33001872726025,1.8282401972170264,1.0585220315154837e-20
71,17,58400133.5,59250854,rs4640251,A,G,1518,-3.780531724726328,-1.2898666850999854,9.198252959465162,0.9617019166971807,3.638164799566186e-20
72,17,60429172.0,59450105,rs11657044,T,C,1519,2.7163805834608654,1.1503493803760003,-9.601224806796273,0.487505706279521,7.900000000000119e-22
73,19,33504736.0,33363041,rs10422369,C,T,1601,-3.3590020517356587,-0.10200858063788566,8.5129349771006,1.955504401131433,1.695851803722375e-17
74,19,38848826.0,38113043,rs75499934,A,C,1604,0.9516305591676392,1.3221720982915468,-6.718382571085818,-0.7087489128896208,1.837527367090774e-11
75,19,48216154.5,49249795,rs8102032,T,C,1611,-3.2017239719187605,-0.31147641318140523,5.857451817677969,0.6635941577935868,4.700231196677434e-09
76,20,33886943.5,33443866,rs6087639,A,G,1638,3.1476863749050836,2.053651991093492,-6.565335639183201,-3.191146469707688,5.191578936719699e-11
77,20,35934988.0,36838422,rs6127448,C,T,1639,-1.2685536880640964,-2.071606593483305,0.38693771147645795,-10.010864399173997,1.3655414171525893e-23
78,20,53263907.5,52732362,rs17216707,C,T,1649,-1.9863002041294264,2.074854734393309,7.200482177947506,-0.7615979478594173,5.999999999999983e-13
