,CHR,MiddlePosition,position,snp_ids,Ref_allele,Alt_allele,Region,z_GLG_LDL,z_DIAGRAM_T2D,z_GIANT_BMI,z_GIANT_WHR,z_CARDIOGRAMPLUSC4D_CAD,z_MEGASTROKE_AS,PVALmin
0,1,951595.0,1831012,rs7542410,C,T,1,-0.0991242664317986,-0.8126380672461695,-5.128213797720068,-1.8351410280948028,1.1872822679738921,0.5809116502918429,2.925041522540355e-07
3,1,26459356.0,25768937,rs10903129,A,G,18,-6.3651491937685725,-0.02506890825871101,-0.07916673895544496,-0.037608287661255776,0.8695157448450257,2.152983185916024,1.950999999999984e-10
5,1,47451038.5,47690438,rs2984618,T,G,29,-1.074720238283896,-0.4676987991145081,5.404636372093312,2.7703272333521767,1.2620030191152816,0.7803243222158669,6.493999999999992e-08
6,1,49436182.5,49589847,rs657452,A,G,31,-1.2233434568267647,-0.7554150263604692,7.212782354616034,4.09619290217612,0.8173175148885421,0.2179090188170001,5.481999999999988e-13
7,1,50803951.5,49955487,rs1167300,T,C,32,-2.484223121507468,0.014417735357216941,5.987195415897009,2.9618464629491363,0.6848038588372579,-0.2283167548937304,2.1349022609381124e-09
8,1,55319689.5,55504650,rs2479409,G,A,34,11.061381557218464,-1.0364333894937832,0.1589604930100943,-0.41246312944140456,2.7770840109931423,0.7696627025083751,1.930999999999899e-28
9,1,56717422.5,56965664,rs9970807,T,C,35,-0.3359613663942063,-0.7721932141886847,2.1098648344279467,0.08784483789587166,-7.5319189305614165,-2.2427955744184134,4.999999999999957e-14
10,1,62688727.0,62927797,rs1167996,T,G,39,-9.515812209919352,1.3910456146090484,-1.2573416581612933,-0.4006589864477269,-1.1488367560628312,1.5687766115002086,1.8029887001728696e-21
11,1,73005656.0,72824855,rs6661921,G,A,46,-0.25654261396586514,-1.046911952478037,-12.867868200668305,-5.6233059520057616,-0.9636347067275512,1.188592653962643,6.826022005176931e-38
12,1,75527521.0,74995450,rs11210476,A,G,47,-0.05389678932981812,-0.28196689840069755,7.909437417332692,1.9753436797545936,-0.2735209374346997,-1.157177128737488,2.5855463766065936e-15
13,1,78194666.5,78446761,rs12401738,A,G,48,0.7500908333062771,0.17637416478086124,6.446450484687286,3.1381807680539326,1.5924750715111773,1.5535156222365067,1.1450000000000078e-10
15,1,97018071.0,96922132,rs12747341,C,T,59,-1.0803973608750677,1.1504548889204889,7.1345460165388666,0.4364089620575611,1.056529216489073,-2.4221259876716807,9.710712522357694e-13
16,1,109356798.0,109822143,rs1277930,G,A,67,-28.09548298031132,2.3574749908036168,2.0790481800478844,1.873955281160416,-8.436136393128145,-2.225316478366229,1.112351345003683e-173
18,1,131908280.5,119549418,rs2765539,C,T,73,0.8400149576578141,0.3718560893850748,1.91064668956528,-7.117377385619028,0.3387046995416927,-1.7643682503090867,1.0999999999999838e-12
19,1,149950067.0,150958836,rs267733,G,A,75,-5.403892596467194,-0.5977601260424785,-0.0261972616763618,1.3407550336902043,1.3902598010386726,-0.5574792973566662,6.520999999999931e-08
20,1,153975616.0,154395946,rs6689306,A,G,77,0.28378185691114205,0.7255430945147691,-0.4677301086105775,-0.006518668707648364,5.955045176085823,1.240474338493388,2.599999999999998e-09
22,1,169822050.0,170367466,rs4471313,G,T,85,-0.8630681468150758,0.11303854064456505,0.09325623489728936,-4.964157313213106,0.1983795707335568,-0.9975450875692786,6.899999999999997e-07
23,1,171827841.5,172356582,rs2269612,G,A,86,2.0656407839432425,1.5858576779380975,-2.2611117663915423,6.13734010843336,1.827108217212835,-0.8064212470182405,8.391460740872888e-10
24,1,178188845.0,177889480,rs543874,G,A,89,-1.0616381226471303,1.6797806567981275,12.399854050875984,4.753424308822899,0.6479317411010875,-0.06999203404538501,2.617999999999912e-35
25,1,202462354.5,201784287,rs2820292,A,C,104,-0.4229935047682056,0.7554150263604692,-6.3746343355772055,-3.3597961587489285,-1.932226951653477,-1.5800299840624332,1.833999999999972e-10
26,1,220724401.0,219653685,rs2445127,T,G,114,-1.9074461270925445,-3.2600500571493147,1.8753998272989567,-7.2669849640237665,-1.2420088413029975,1.153512719177349,3.6759970398304474e-13
28,1,235209435.0,234853268,rs557933,A,C,123,-6.700935112770049,0.5043236218071384,-0.9854727279840584,-1.1494859624820797,-2.2097200119816547,1.8453956876406057,2.070899900874913e-11
29,2,895577.5,631603,rs7579971,C,T,134,1.7003148906558097,-1.9508507804390085,-15.803292720968757,-5.256105263501942,-2.935398103380848,-0.34672224052545364,2.9528190884826486e-56
31,2,22195936.5,21239918,rs113549125,T,G,146,23.52550912956279,0.5549578698994662,-1.689497571328844,0.7286680209128794,2.258725657765936,-1.5309877350841885,2.236508631730463e-122
32,2,25790951.5,25150296,rs10182181,G,A,148,0.5495909026255463,-0.9541652531461888,10.054495308507246,1.4050715603096189,1.971659411774288,0.5291520163169791,8.777000000000103e-24
33,2,27746881.0,26928811,rs11126666,A,G,149,0.7755749428188844,-2.3656181268642924,6.063488874198631,0.5244005127080407,-2.3101617646314847,3.0627680094774274,1.3319999999999935e-09
34,2,41795536.5,42825870,rs12994751,A,G,159,-1.5910608685934942,-0.4728328037890928,-5.0537600597254135,-0.7625502350588108,-0.4682290499926412,-1.149621012098512,4.3319577348847824e-07
36,2,59294657.5,59316833,rs9798497,T,C,172,0.3683743409187342,1.7101886946332634,7.7110149085745086,4.4737157872932425,2.0128216067192763,1.7219421417603873,1.2482107931562265e-14
37,2,63527478.5,63053048,rs11688816,G,A,174,4.701071396639617,0.4958503473474532,5.621505929681097,3.2905267314918945,2.1300437690982705,1.3207042393249613,1.8930000000000197e-08
38,2,66579805.0,66211789,rs10210513,G,A,176,-0.4525122476598234,0.7224790519280625,-0.5392708202674219,5.309377976299179,2.1797445805525006,-0.1794300980986856,1.0999999999999934e-07
39,2,86589593.5,85763520,rs6743030,T,C,187,-1.5280861529705765,0.17727152585070569,2.511119393586028,-0.04028044975795638,6.235269838532521,-0.939449516817774,4.5100000000000635e-10
40,2,109500804.5,109219493,rs2718697,C,T,198,5.047357277929039,-2.4856983037439524,0.1182406534332094,0.11543808352692148,-0.2197983560628768,0.8766072498879334,4.479631755250837e-07
41,2,119835624.5,118579085,rs10490632,G,A,202,-5.383552336754881,0.4676987991145081,0.16175346486535327,-0.7554150263604692,-0.8740550040710129,-1.019849168888333,7.302999999999926e-08
44,2,143519043.0,142959931,rs2890652,C,T,218,-1.0225936779244902,1.475791028179155,5.470605748444848,1.9863002041294264,0.2951997407847617,0.27905840962975964,4.485000000000017e-08
45,2,145482527.0,145286559,rs17678683,G,T,219,1.5968461762071269,2.0537489106318234,0.05718227193180145,1.4395314709384412,5.931598226507707,-0.9515997665131378,2.999999999999986e-09
46,2,160673407.5,161101169,rs2925757,G,A,229,-0.8272418422017421,-5.2525594803149245,-1.8217692854724488,-2.1320832908065004,-2.597657733501715,-2.061871201291451,1.4999999999999872e-07
47,2,164822739.0,164579523,rs7606895,C,T,232,-0.8577383226935721,0.6304002564706654,5.180128925163531,1.6272142964485792,-0.3193748233505572,1.6898325219768766,2.2173259709047292e-07
48,2,166169555.0,165528624,rs1128249,T,G,233,-4.61760193751863,-2.5828074520082387,3.9697105325815367,-6.033949585169598,-2.344584376605193,-1.463246284814946,1.5999999999999912e-09
49,2,168662103.0,169830328,rs2287622,A,G,235,4.9125269937559,-1.5141018876192844,0.07577261944530013,-0.8238936303385576,1.2267031057129616,1.0349334324566586,8.990999999999987e-07
50,2,181789385.0,181550962,rs1528435,C,T,242,0.2102148370387968,-1.2535654384704409,-5.7002953974905575,-2.273434650942776,-1.8429884284751497,-0.4029296207198474,1.195999999999994e-08
51,2,187581119.0,188115398,rs1569135,G,A,245,0.7255739426980663,-0.15096921549677714,-3.46833192725883,-7.130506848171325,-2.4979182475272674,-1.2222846552236646,9.99999999999993e-13
53,2,207690551.5,208255518,rs17203016,G,A,255,-1.3070374290140887,0.7554150263604692,5.363886711038462,2.6782860096594168,1.6639020764828831,0.19984730944075205,8.145000000000024e-08
54,2,213196900.0,213413231,rs7599312,A,G,258,1.0249219853353757,-0.8416212335729139,-6.442786048249572,-2.3867077344922505,-2.381217933535342,0.9009780320030696,1.1729999999999855e-10
55,2,216644728.0,216291359,rs17517928,T,C,260,0.152490604881859,-0.7721932141886847,1.2044906338691037,-0.6433454053929168,-5.021011805206267,-2.9719654296049853,5.139999999999953e-07
56,2,219425015.5,218688596,rs2552527,G,T,262,0.1257876727285248,-1.6448536269514724,2.8947174157483424,0.08784483789587166,-5.277441506445332,0.7140439550001835,1.3099999999999912e-07
57,2,226979923.0,227065811,rs2972154,C,T,266,-1.7542533754038268,-2.621936858742297,5.4230881447475685,2.6569632302306156,-3.6696318818275486,-0.35191767944825897,5.857808811420394e-08
58,3,12045232.0,12336507,rs11709077,A,G,286,-0.9858637040105148,-6.094179757577837,5.217453237768578,3.8081682644490202,0.14483480694174578,-0.4568205970363228,1.1000000000000036e-09
59,3,15549671.0,14928077,rs748431,G,T,288,-0.4010273333067921,2.9478425521849068,-2.288644777247584,-0.7388468491852135,5.186746248699088,1.7430206946555673,2.1399999999999993e-07
60,3,24633211.5,25106437,rs6804842,A,G,295,0.4626712903484402,-1.2535654384704409,-5.963031939737363,-1.8956979239918401,-1.0728703297822375,0.1602298706450043,2.4759999999999927e-09
61,3,32803653.5,32533010,rs7640978,T,C,301,-4.909562081658019,-0.11303854064456505,-0.12882010069200828,0.7388468491852135,-2.4448559680286213,-1.2151733040378303,9.128000000000024e-07
62,3,41802265.0,42323522,rs35408893,A,G,307,-0.5287820468360687,-0.5050220524095129,-6.056535353887807,-3.2995803194829367,-0.2508358799412432,0.6516918209242415,1.390845837080881e-09
64,3,52956702.5,53780081,rs2680671,T,C,313,-0.6509779305376501,-0.6382390131936954,-4.941206870642108,-2.5778835162925966,0.9081660464437856,-2.1772757418928426,7.764047623357781e-07
65,3,61314286.0,61236462,rs2365389,T,C,318,-1.1306557802747912,0.3853204664075674,-6.392776769049487,-2.2903678778552674,-1.5592809437394797,-1.2299922687307714,1.628999999999998e-10
66,3,64471412.0,64706499,rs9870322,C,T,320,-0.07537592068552403,-3.8347807537536447,4.875176909187997,-6.36737406659813,0.12644093589427147,-3.441592833001107,1.922918137170148e-10
67,3,82035598.0,81792112,rs3849570,A,C,331,2.05179077727889,1.995393310167824,5.566370443304117,3.0618141517617583,2.93507227946437,0.9130808902906312,2.600999999999995e-08
68,3,84974855.0,85460131,rs1549979,C,T,333,0.05642906916247387,1.1749867920660817,5.075735470372432,2.2115178091866805,-0.2380382854423953,0.8034754169340853,3.8600000000000115e-07
69,3,86495981.5,85848994,rs9837525,T,C,334,0.3422311437492908,0.9448953933752176,7.888768633890669,2.5757609464262243,-1.558714788504818,0.5985095329496283,3.051827085939193e-15
70,3,122745932.5,122199426,rs7609972,G,T,353,4.950049431311423,0.8077500571655167,-2.982539340186176,-1.7527244333000016,-0.18443871572726744,-0.01867546617238448,7.419463474193878e-07
71,3,129219798.0,129334233,rs10804591,C,A,357,-1.193688092701499,-2.18348652800656,0.6639848618709066,-5.190260567203079,-2.3663964140124407,1.1387678370043899,2.0999999999999873e-07
72,3,131040625.5,131636780,rs1225061,C,T,358,-0.040683457287183714,1.5953592837163475,5.02508196486331,2.959757629609613,0.41244088672082857,0.5645204304629398,5.032175678951357e-07
73,3,136413994.5,136107549,rs9880211,A,G,361,2.092654586086874,0.9345892910734804,4.9920557652509645,1.1749867920660817,2.9109687953242336,-1.1737379614037011,5.974000000000026e-07
74,3,138662840.0,138087467,rs1199338,C,A,362,1.3120596765932442,1.1503493803760003,-3.0611345264267413,1.3407550336902043,5.8883798169221775,-0.7304748181896948,3.899999999999978e-09
75,3,140646847.0,141320585,rs58025624,G,A,363,-1.36191597576939,-0.4508041384937999,6.664634544360935,2.556905188357185,1.4121459207035003,0.8245977486405873,2.653247420010896e-11
76,3,156660364.0,156797609,rs17451107,C,T,374,0.9011661232090592,0.9741138770593036,-1.410134404867626,-6.623833916311189,1.4541731754581668,-2.5737601005459343,3.4999999999999924e-11
77,3,171630320.0,172115902,rs12897,G,A,382,0.6580593424279326,1.0581216176847703,-1.09755237184292,-0.510073456968595,5.053846348759322,0.3622034521731117,4.3299999999999664e-07
78,3,185979299.5,185804583,rs57912727,C,A,391,0.7951605707125285,-2.3898356236190126,-10.473447589711324,-3.2348975396244,-0.6690578125194385,-0.012408128348054256,1.1439911492343093e-25
79,3,191285210.5,191550504,rs10937513,A,C,394,-0.2433942470828205,0.3584587932511935,-0.4818676052931638,-1.7279343223884196,-0.6144201860550422,5.025432202409048,5.022999999999984e-07
80,3,195379041.0,195072918,rs7611238,G,A,397,-1.6839568924538133,-0.02506890825871101,-4.8918944532746345,-0.9741138770593036,-0.3364983441895143,0.0916199503884748,9.986999999999988e-07
81,4,6137715.5,6303022,rs1801214,C,T,406,-0.4714771968234674,-5.686064910868039,-1.1554651400832785,-1.4050715603096189,-1.1280848184930852,-0.8643420807350637,1.2999999999999824e-08
82,4,44577101.0,45182527,rs10938397,G,A,434,3.089935450014667,1.5981931399228178,12.926142527348356,5.165341756801709,3.273884396217122,0.18503701891577626,3.205000000000093e-38
83,4,46300526.5,45224500,rs1392615,A,G,435,3.224030355778384,0.3853204664075674,5.2900244647045644,2.7477813854449935,1.2481091169430978,-0.4423996945759175,1.2229999999999942e-07
84,4,57741326.0,57838583,rs17087335,T,G,440,1.3983766207974824,0.8416212335729139,-1.2154355922611495,-0.16365848623314125,5.466503255358104,2.1049001574256545,4.5900000000000093e-08
85,4,61556425.0,61998801,rs66563263,A,G,442,0.022145577147431005,5.7879365184510805,1.7347449585144286,1.7193487236940148,0.3140764175595081,0.9694915384178732,7.125632861671062e-09
86,4,75861548.5,77117309,rs6835324,A,G,450,0.4671396052241297,2.0237099909349667,5.365377700558162,1.4395314709384412,1.3345841146778123,-0.1098857297659914,8.077999999999948e-08
88,4,104263325.0,103373286,rs13116385,A,G,467,-0.5290078562398706,-0.7554150263604692,5.36607161806996,0.2533471031357998,-0.3544821218886653,-1.2775730728273285,8.046999999999965e-08
89,4,112563334.5,111703510,rs7689774,T,G,471,-0.4478585003372457,1.584770871156478,1.3720563320800756,1.5471276262221587,-0.08737964685188937,7.885902530704497,3.122702813763971e-15
91,4,147350030.0,148276400,rs2059904,G,A,494,0.6332392413821201,-1.134397986366005,-0.5580691643094734,-0.3324772527912559,-5.941167074401788,-0.7439611151734757,2.8299999999999875e-09
92,4,156270611.5,156630348,rs115917428,A,G,499,0.2705790560001148,-2.4438650051924045,-0.7707812614006746,-0.6514185266660162,-6.705012318322197,-2.57433241274761,2.0138937813294426e-11
93,5,56019225.5,55807837,rs458741,T,C,554,1.9037850787558537,-3.3356631773023526,1.9297698238482937,6.953469399910293,-1.7541815708903568,-0.3215415898365354,3.5641028895900263e-12
94,5,74779096.0,74589385,rs59014134,T,C,565,15.838388809261167,-0.6928376259189344,-4.5971506567035325,-2.3131084817577863,2.0178335450166007,-0.361668191065412,1.6909825461623244e-56
95,5,76711099.0,76424949,rs4457053,G,A,566,1.2230786278719017,5.034139518609091,-2.0099167561167604,2.2903678778552674,1.7290061186629513,1.7415912130904558,4.799999999999976e-07
96,5,88140760.5,87697533,rs6870983,T,C,573,0.37199039595048655,-0.7388468491852135,-5.0592086498175135,-3.1213891493598664,-1.6874029343233905,-1.8674412062085228,4.21000000000004e-07
97,5,94886751.5,95736557,rs193069188,T,C,577,2.0817485365467894,0.8366759280961062,5.192892613581315,2.333956736300504,0.1737935673164307,0.5362294244260526,2.070516237832001e-07
98,5,98288296.5,98275197,rs150992,G,A,579,-0.5479882076129343,-0.8416212335729139,-5.034379148092038,-1.3407550336902043,-1.2645315611058148,-0.2803617236651002,4.793999999999976e-07
99,5,124791874.5,124330522,rs6864049,A,G,597,-0.3241823286083923,-0.2018934791418509,-5.087926293453525,-2.92002794436202,-0.4243365323897673,-1.8027339986980857,3.619999999999961e-07
100,5,126565126.5,126641770,rs2585193,G,A,598,-0.21739567687205105,-1.0803193408149492,0.1749740806751806,-0.6280060144375693,0.3226703622385573,-5.161407493899163,2.45100000000001e-07
103,5,156001102.5,156390297,rs6882076,T,C,613,-9.747643418890956,2.3455309708066743,1.269676182917181,1.5141018876192844,-1.4458321010319026,-0.9318771842275934,1.8880000000000236e-22
104,5,167686529.0,167911710,rs11746078,A,G,621,0.10242206245985797,5.013251745222276,1.8535758276529413,2.440131721266676,-0.12186921087009504,2.208348340105442,5.351780293450894e-07
105,5,173160599.0,173344153,rs72812805,C,T,625,-0.4499618321594798,0.09268704362739487,-3.8413040832732004,5.202482451789159,-0.8412782007153959,-1.5505898754088896,1.9664393262919832e-07
106,6,763143.0,1337180,rs11242678,T,C,632,0.7898763232715689,-0.12566134685507396,-0.9301373008325936,0.3318533464368165,-0.7588560035883639,6.131453113363211,8.707999999999927e-10
107,6,6288339.5,6743149,rs1294421,T,G,637,-0.7296567894230501,-0.5828415072712159,1.4672796397887546,-7.489759370100898,2.2433228952732938,1.6773707777762,6.899999999999972e-14
108,6,7297071.5,7118990,rs11755724,A,G,638,-1.7749872042568098,0.9153650878428145,-2.589447786059444,-5.6400508023579095,1.83302334130319,0.099426050411585,1.7000000000000043e-08
109,6,12500102.0,12903957,rs9349379,G,A,642,-1.2115100116061537,-1.0581216176847703,-1.6650138132966126,0.13830420796140447,13.657953208898231,-0.056931200758630035,1.8100000000000423e-42
110,6,16094664.5,16180779,rs9370868,C,T,644,-7.496672716459735,-1.9747655135478064,-1.95803734918724,-1.4570372876248936,-0.6565069457620957,0.5019538278808047,6.545814696199054e-14
111,6,20445776.0,20694228,rs4710941,T,C,646,-0.12283987594574967,10.516465244147438,-2.9069880502484087,0.11138884528713412,1.4693226359061735,-0.4611374426233518,7.254429193110538e-26
116,6,34346126.5,34563164,rs205262,G,A,659,-2.2223449882374458,-0.037608287661255776,6.381553899159241,-0.02506890825871101,3.1585244636474683,1.6852518044918714,1.7530000000000117e-10
118,6,41191918.0,40362740,rs2082558,G,A,663,1.61870021522695,1.4490443207693402,5.714817940773642,4.2238652328040285,-0.5472149011503746,-0.5585044011720689,1.0982153667902287e-08
119,6,44581366.0,43757896,rs998584,C,A,665,0.031964953076322994,-1.8807936081512509,4.91012145678545,-7.826911699270654,-4.242544197148893,-1.2244036316515834,5.000000000000049e-15
120,6,51298310.5,50816887,rs72892910,T,G,669,1.4104074805658295,1.7426630706467316,12.396494209205391,6.7051999330319205,1.8833053412571945,1.876111288027546,2.730088832351947e-35
122,6,84168569.0,85098237,rs1010437,A,G,688,-0.6264802304337753,-3.694869212332254,-0.5555770851370019,-4.988023975538218,-2.9044576247382095,0.3923494916971644,6.099999999999979e-07
123,6,109384313.5,108977663,rs9400239,T,C,704,-0.2925057031286089,-0.4958503473474532,-5.649089357876787,-4.253984333739438,-0.7328331498643958,1.6570963350340184,1.6129999999999923e-08
124,6,116902184.0,116391259,rs873879,G,A,708,-6.093751389711647,0.8158385208327545,-0.11338307001505685,-0.5053478356715007,1.4891354668868493,-0.1858020459965596,1.1029490810168164e-09
125,6,120237703.0,120185665,rs9374842,C,T,711,-2.3623395618789598,-2.92002794436202,-5.332762106891374,-3.8905918864130937,-1.2781305464428838,-0.5592369776119067,9.673000000000019e-08
126,6,126482422.0,127449447,rs2745352,G,A,715,0.954876552886948,-0.7456216924511566,0.8486781185971509,12.127495196416525,1.3455642114632496,0.5102162056217796,7.5524303255918095e-34
127,6,133504956.0,134173151,rs12202017,G,A,719,2.779252482779868,-0.05856368981855849,-0.026431086014386453,0.7064178558308419,-6.7074903863475965,0.9759282935115924,1.9799999999999866e-11
128,6,138218423.5,137675541,rs13201877,G,A,722,0.3183756586518698,1.2003588580308502,5.1694372146046295,3.465117430031498,2.081727141773753,1.2212272221055598,2.3480000000000176e-07
129,6,149586878.0,149763956,rs2789495,T,C,728,0.9277529918294865,-1.0641331507147775,2.72570902748682,0.9798621285878112,-5.067850103337523,0.7132630571439649,4.0233403533311524e-07
130,6,159399608.0,160578860,rs1564348,C,T,734,8.512515502163216,-1.8054774570971504,-0.6617990734840219,0.3718560893850748,2.2855567985156213,-0.25839768895607496,1.7020000000000022e-17
132,6,163657362.0,163033350,rs13191362,G,A,737,-0.42052769754410296,-0.8416212335729139,-5.782977230367369,-3.4316144036232687,-2.404242926975522,1.4658102054513165,7.339e-09
133,7,14513929.5,14922007,rs10276674,C,T,758,-0.4626712903484402,4.972778665093691,-1.3806064470008863,-0.7224790519280625,1.0517091754881824,-0.7419790976597044,6.599999999999974e-07
134,7,18191808.0,19049388,rs2107595,A,G,760,-1.183023081256737,-1.3407550336902043,-0.07552123838642473,-0.6433454053929168,6.499663256035397,6.620246657209213,3.585999999999997e-11
135,7,21316268.5,21611970,rs73066485,G,T,762,6.87475295079962,-0.6079714657047292,-0.2934297456516137,-0.4721605176862332,1.4037812466701378,-1.4574217385976362,6.209737979324687e-12
136,7,25493407.0,25876239,rs28473292,G,T,765,-0.12383163081223005,1.7598541861445725,-0.4294721412592008,6.824198227618253,1.0892798403693371,-0.2974800981844451,8.841772411407896e-12
137,7,27134932.0,28200097,rs1513272,C,T,766,-0.5879489625533201,7.0403053968668425,-3.8527233200764326,0.6521608020173155,0.7747107455317652,0.5980598484979567,1.9181893784829017e-12
139,7,74896583.0,75163169,rs1167827,A,G,791,1.5914870835153618,1.1749867920660817,-6.181911570710679,-1.750686071252169,-1.1780183269285165,-2.940578481745084,6.333000000000049e-10
141,7,91577768.0,92254856,rs7786226,A,C,799,-3.1996062746732923,-0.1996544292961903,-0.8525534234675863,-1.372880467294983,-2.588247722122724,-5.284024980937034,1.2637600704524778e-07
142,7,93230176.5,93145339,rs961261,G,A,800,-1.3650298257102609,0.03345592470460878,5.393947743951781,0.3189622906583072,-1.8849810226579504,-0.5399956969109155,6.89262711137869e-08
143,7,117565879.5,117517775,rs34031516,C,T,814,-0.16074495287331908,5.349574769881786,0.7940326686685072,3.983318039503348,2.035154794548615,0.9799718788096184,8.816113224708391e-08
144,7,129600400.0,129663496,rs11556924,T,C,822,-2.1788878578488,-1.475791028179155,-2.6552485168354547,-0.6433454053929168,-6.561134296078813,-0.4443355535451917,5.340000000000019e-11
145,7,131614131.0,130452227,rs10238574,C,T,823,2.268562429856764,6.9691400721528245,-3.9235124140727216,0.8311974529111806,2.484065263810911,1.328842310185645,3.1888408839287213e-12
147,8,9397740.5,9185146,rs2126259,T,C,854,-7.776871584492098,1.7743819103449587,0.07552123838642473,2.8479632874879184,-0.7091704639587991,1.3147319642659607,7.433999999999967e-15
148,8,14968326.0,14055394,rs7821247,C,A,859,-1.2315275484808546,2.3207832735868967,5.109224663978634,2.7224136198748417,0.9143482211950248,0.681745328102155,3.2348352013456356e-07
149,8,23785887.5,23580674,rs73546856,C,T,866,-1.539709800209778,-1.4838955059481052,-0.1105927283536122,-5.417180924274149,0.7166182184311347,1.5224354816557613,6.054606625461333e-08
150,8,26082989.5,25750388,rs7006761,A,G,868,-1.5817791342138134,-0.3584587932511935,-3.4041923743740727,-5.059662142496848,0.9377519490626176,1.0150122251950358,4.199999999999979e-07
151,8,41212395.5,41519248,rs516946,T,C,878,-0.11341695285093575,-4.953207653299544,0.7180929124096807,1.5547735945968546,-0.35492030008066056,0.21778067795250555,7.300000000000007e-07
152,8,55181812.5,55436793,rs28600710,A,G,884,6.479216176626902,1.026656967297529,0.3338230675277296,0.30300903589689443,2.8508757697155165,-0.10396137589283386,9.220032591529921e-11
153,8,59398375.5,59311697,rs1030431,A,G,887,5.889998125261305,-1.5547735945968546,0.0,0.7891916526582223,0.14697177328667602,1.67050242521308,3.861999999999943e-09
154,8,61028599.5,62104878,rs7459473,A,C,888,1.4717633501637464,0.6047391313147101,5.35026273614941,2.9266303341017395,0.19758943690115874,2.9259555487318147,8.782662978995483e-08
155,8,73053326.5,72492238,rs12549058,G,T,895,-0.1255350229869236,0.4399131656732337,2.089085804067657,6.288765702652347,0.08249247754183825,0.26137932404883896,3.200000000000012e-10
156,8,77794701.5,76697944,rs2977328,C,T,898,-0.17265379893763488,-2.1726207176186576,-7.141126429081397,-0.28262122024473474,-0.7566434545318403,0.6293804710765029,9.256915758084034e-13
157,8,80544628.0,81375457,rs16907751,T,C,899,-0.6540183243460265,0.8064212470182405,-5.285298421673338,-0.8064212470182405,0.3661263447881116,2.1728713676339733,1.2549999999999924e-07
158,8,85090604.0,85079709,rs2033732,T,C,902,-0.149194702504517,0.4817268495847302,-5.45530084372037,-2.3656181268642924,-0.3612712280718567,-0.7515861082252379,4.888999999999992e-08
159,8,95770166.5,95594720,rs12682601,A,C,908,1.7518818667262208,0.08951335601232364,-5.183806945880182,-1.5471295789660264,1.0401110725523932,-0.055299324896001034,2.1740196853757488e-07
160,8,117890976.0,118204020,rs9650069,T,C,920,-1.7526957524232438,-7.503964413650856,2.9823766551598494,-0.06898782166939722,-0.7245513728493768,-2.3813353560506316,6.191611978970202e-14
161,8,127535014.0,126485337,rs2980860,G,A,925,-11.71712660541892,0.14054150122179915,2.4588959687635046,-2.7258051798790564,-4.703291907110829,-0.2006145245684713,1.041447224655974e-31
162,8,145270374.0,145035342,rs7357417,G,A,936,8.024457656525561,-0.2541267674977248,-0.19091684780243875,-0.4868725140681073,-0.44711600996409817,0.5829900476661564,1.019754560790939e-15
164,9,15748009.0,15634326,rs4740619,C,T,949,-0.7888494560537966,-1.0581216176847703,-5.862336110106263,-3.263616370069248,-0.7077018956047437,-0.9919949271992472,4.564000000000002e-09
165,9,21335046.5,22091069,rs10811653,T,C,952,-1.8403537974858504,2.4933268227170142,-0.32593062100783543,-0.8924007072244383,25.141897627129694,4.409519980783907,1.7331090982683155e-139
166,9,28517933.5,28418511,rs13288841,A,G,957,-0.09624918483122233,0.06930921454193319,7.886240858279928,5.041276778631315,2.2961728543886166,0.15781827215219782,3.1142526885961463e-15
167,9,81834991.5,81905590,rs17791513,G,A,974,0.9515997665131378,-5.326723886384496,0.3920787880451495,1.126391129038793,-0.2486923070642693,-0.19920805336716568,9.999999999999993e-08
168,9,97796869.0,96758342,rs2398893,G,A,984,-1.0215371869194805,-0.6588376927361879,-1.794458605458244,-5.218888581854678,-0.9782524118829212,-0.5300172078959542,1.8000000000000082e-07
169,9,103108648.0,104422702,rs10989586,A,G,986,0.7135093501974782,-1.2182164554752768,-3.8539944727879045,-4.91487590135972,-0.977860952029621,-0.6428830324589591,8.883871501791918e-07
170,9,108440251.5,107664301,rs1883025,T,C,989,-5.306908683474824,0.2793190344474541,2.323915935662892,-2.1972863766410526,-2.475681903999159,-0.1670890267788881,1.114999999999996e-07
171,9,111736543.0,111932342,rs6477694,C,T,991,1.052653124038266,0.8064212470182405,5.561608114628787,4.328688376491312,0.6485433225231989,1.0625193022708599,2.6729999999999942e-08
172,9,119621748.5,120378483,rs1928295,C,T,996,1.2201711527601868,-1.5547735945968546,-6.14672317603528,-3.546759797347556,-0.7246892361904597,-0.11341695285093575,7.910000000000033e-10
174,9,125921604.5,126113594,rs10985976,A,G,999,1.1586679968846847,3.6542182793864315,5.327888058959213,3.1976845998509336,1.2991315130623593,1.825669898436548,9.936132726867175e-08
175,9,129557587.5,129460914,rs10733682,G,A,1001,-0.16365848623314125,-1.903310818708998,-5.627349222831252,-2.9781436844229603,-0.4767711381104353,1.2204350424996238,1.8299999999999912e-08
176,9,131110490.0,131042734,rs2270204,G,T,1002,0.4721776377437096,-0.037608287661255776,5.150350579037204,2.3867077344922505,2.218023942176796,0.7177685631187836,2.599999999999973e-07
177,9,136169982.0,136147160,rs554833,T,C,1006,11.834027011830935,2.44204922168017,-0.14452370427288594,1.9497233092184936,4.610863391288757,2.960039100135317,2.6034501093193493e-32
178,10,30121265.0,30305331,rs12572176,A,G,1032,-0.4001743815329749,-0.0034097819277585256,0.5184946659269126,0.6713583077136304,-6.69651533505307,-2.5849384766028867,2.1344806012777452e-11
180,10,46745262.5,44742441,rs111893040,T,G,1041,0.7957114919556527,0.26364114625174123,-0.5096708366003724,0.607691328247015,-8.076814602083564,0.8444778970663867,6.648050287813802e-16
181,10,64567904.5,65133822,rs7923609,G,A,1052,3.3646889311375268,0.4958503473474532,-3.439216718538729,-5.1577013121988795,1.2626460794451928,-1.2872705631079309,2.500000000000006e-07
182,10,81645714.0,80942721,rs703982,G,A,1061,-0.41178093020484535,-5.265248311388316,-1.1351797793097549,-3.105434027262786,-0.3365068326388613,-0.5431885344211083,1.3999999999999935e-07
183,10,86698140.0,87425390,rs73326650,G,A,1064,-0.8272494473286299,-0.2621179173913541,6.343059452448015,0.1121412355492324,-0.5337348415543987,-0.25179438195298265,2.2524645434218472e-10
186,10,94365707.5,94362928,rs7096101,G,A,1069,-0.3658123050753111,9.073623889959796,-3.886895669935718,-0.34548658385667924,1.4659768270485949,0.782705622096889,1.15122977716311e-19
187,10,101808819.5,102395440,rs17094222,C,T,1074,-0.4143743101715603,2.4089155458154616,6.545189478502762,3.090232306167814,0.3062578881840449,1.005408891831793,5.942000000000174e-11
188,10,103664824.5,104334822,rs10883740,C,A,1075,0.4791945193350998,-2.976132616123236,4.939503430229431,0.3621435912005759,-4.025725161793992,-0.7301475480538475,7.832176598383051e-07
189,10,105537729.0,104886374,rs11191568,A,G,1076,-0.32433119497270513,0.1308174623042854,7.5972144440116445,0.4427291602631634,-5.238371171582632,0.01052803323717809,3.025729158926432e-14
190,10,113944962.5,114765747,rs4575195,A,C,1080,1.4694924805178202,17.659638673413294,-6.48975524856174,-0.7900109818004991,2.80708531253042,2.3017371466860705,8.578706578160108e-70
191,10,124884945.5,124221276,rs2293870,T,G,1087,0.5466452162209269,-2.437546205102465,0.2004728102904489,1.7551145338718703,-2.080457989473312,-5.593115393240566,2.230309514442027e-08
193,11,2439535.5,2691471,rs231362,G,A,1097,0.26371439822153,5.265248311388316,-1.1647998984745924,-0.02506890825871101,-0.2559896878346132,-1.0202709008525113,1.3999999999999935e-07
194,11,8710295.5,8664454,rs4503528,A,G,1102,-0.6405436419482474,-1.4322584243604048,-6.824450012725644,-6.2369902798772845,-1.8754415755423928,0.6153857498363892,8.826279993587445e-12
195,11,10019672.0,9751196,rs10840293,G,A,1103,2.1296694890155585,-0.8759742464377905,-0.3251839867063756,0.04572388412883307,-5.68871351230726,-3.5306754560165707,1.2799999999999982e-08
196,11,12968676.5,13345049,rs71204278,T,C,1105,1.5002726995834452,-1.3954132410264113,-2.8457647732741966,-0.44839173848079705,-5.056115854281584,-2.356387416424881,4.2788145877015114e-07
197,11,18573968.5,18632984,rs10128711,T,C,1108,-5.131331306951554,1.9599639845400536,0.1055996530992928,-1.2265281200366007,-1.7566088702878204,-0.28244801811015485,2.8769999999999933e-07
198,11,27751027.0,27707032,rs112256750,A,G,1114,-0.29311256060510216,-0.7497810763189352,-11.138995607548829,-5.047449674385448,-2.6190552907440163,-1.7803604141179723,8.102798405796058e-29
199,11,43501901.0,43864278,rs2176598,T,C,1122,1.8647247195510561,3.1746835274550755,5.543137132349846,4.138227000939754,2.34223580084172,3.735557196826957,2.971000000000014e-08
200,11,48436093.5,47650993,rs3817334,T,C,1124,-0.8740335190309908,1.968591669186595,8.383332208448474,2.7423570211452826,0.03721723072245815,1.5288565891765844,5.1450000000001365e-17
201,11,60502160.0,61585144,rs174562,G,A,1129,-11.120806041345858,-3.491074491233124,0.9961672451183142,1.0278332737327445,-2.244438526830056,-1.9156473361686936,9.937012967976122e-29
202,11,73349184.0,72413684,rs12362059,T,C,1136,0.003886426560455724,-5.582041773313931,2.6836989371031157,0.708231958654682,-1.2180396648600036,0.4784920940264127,2.3771126214226996e-08
203,11,92676650.5,92682604,rs11020114,C,T,1147,0.7779301685179312,6.9825168111131255,2.512180699250268,2.329222679067817,1.1608276404837037,-0.7441264151894383,2.899382606576516e-12
204,11,102645378.5,103673277,rs2128739,A,C,1154,0.7816122101981255,0.7831981271174,-0.0925291152476602,0.904132692283478,6.519589634922875,-1.812558133761592,7.050000000000008e-11
205,11,113358608.0,112968651,rs1816537,A,C,1162,-0.3049555587743277,-0.5828415072712159,-5.184237839881412,-1.5547735945968546,-0.6074884581044623,-0.3459237757572367,2.1689999999999803e-07
206,11,115607007.0,115022404,rs12286929,G,A,1164,0.18287002862468213,0.6744897501960816,7.0932484121712935,2.870363633313358,0.19129101513441946,0.5844761600644466,1.309999999999997e-12
207,11,117065229.0,116647607,rs2160669,C,T,1165,8.25437437460373,0.8778962950512281,-0.5855172071277528,-0.18911842627279246,2.729071144021744,0.2768438618739633,1.526999999999975e-16
208,11,125403424.0,126238832,rs60843925,C,T,1172,8.370016195562611,-0.918065391870958,-1.3423665420965032,-1.7674808095826513,2.8286555546183827,-1.1413834589971943,5.761031529114166e-17
209,12,570719.0,939480,rs11611246,T,G,1180,-0.5818020842464081,1.0364333894937832,5.18726932903355,2.1444106209118403,0.6510504820707936,1.2615798793923203,2.1339999999999914e-07
211,12,26585428.0,26487283,rs11048470,T,G,1197,-0.3060061017097116,0.7891916526582223,-2.7289309865585656,6.872695390731281,-0.8419061278981769,-0.32775091917953536,6.299999999999815e-12
212,12,40021677.0,39430048,rs11170468,C,A,1204,-0.2888449922419112,2.043530007439857,-5.390351509645775,-2.5121443279304616,0.4383336999920595,-0.052412517881857836,7.031999999999952e-08
213,12,42821530.0,41921665,rs285575,A,G,1206,-1.430059300541471,1.5141018876192844,4.982308989667495,2.98888226731579,2.232185581027275,0.0935079930288994,6.282999999999984e-07
214,12,50389180.0,50247468,rs7138803,A,G,1210,0.17522861583090416,2.0857640650923512,10.061757131802153,4.138227000939754,0.8628408059942833,0.2455895234220811,8.152999999999907e-24
215,12,53908913.5,54349773,rs10783615,G,A,1212,-0.747105302026245,-0.9944578832097474,0.6777976520160173,7.17943518229318,1.0152658887399681,0.604667419843552,6.999999999999957e-13
216,12,66370419.5,66212318,rs2261181,T,C,1219,-0.5525085181219177,5.326723886384496,-0.5689353713703339,-0.6588376927361879,1.2125623261337029,-1.7897133819427695,9.999999999999993e-08
217,12,90874138.5,90008959,rs2681472,G,A,1233,1.2011320045770228,-0.8778962950512281,1.624355305842441,2.3656181268642924,6.539560206900264,-2.0416123427039383,6.170000000000047e-11
220,12,120880880.5,121426478,rs1169292,T,C,1253,8.958374854334677,3.011917722925068,-0.81954854820224,-1.2908915472749845,4.279872988873216,0.3196944070371676,3.2949866395334648e-19
221,12,123492815.5,124399550,rs1316952,C,T,1254,-0.4928762918114074,-2.043530007439857,1.9311864424245968,-5.783873144707195,-0.8162492393390999,0.33635921665445057,7.2999999999999785e-09
222,13,28270956.5,28037415,rs1475219,C,T,1268,-0.18032978611183995,0.2550778498649846,6.683714383721509,3.8802873797818513,1.4751184536870106,-0.921479766903462,2.329606403122042e-11
223,13,33039359.0,32960363,rs11147492,T,G,1271,5.5663260823049185,0.8695186221775859,0.616127627662038,-0.2169735820100709,2.3840301359655096,1.1230882874863106,2.6016619126438737e-08
224,13,46963146.5,47209347,rs4942561,G,T,1280,-0.3174528642513101,-2.5426988193990483,-1.0698207509689586,0.08784483789587166,-2.8522935267156915,-5.99395346490805,2.0480000000000273e-09
225,13,50487526.5,51078492,rs141456049,C,T,1282,-1.4669368417577135,1.6414262985708359,-1.6665899181722967,5.292163469812522,1.7517756081427833,0.274630670991687,1.2087776797708335e-07
226,13,54011243.0,54102206,rs12429545,A,G,1284,-0.18886324670367527,2.2903678778552674,7.118131465147821,2.9781436844229603,0.8209945018451621,2.0775589541148314,1.0939999999999925e-12
227,13,66522527.5,66205704,rs9540493,A,G,1293,-1.986029935991912,1.995393310167824,5.263160318827472,2.3656181268642924,0.6143831011816918,1.1645529457001371,1.415999999999995e-07
228,13,79697244.5,79580919,rs1441264,G,A,1300,-1.3722038089987132,-3.0114537584997843,-5.417701781648946,-3.215979760788108,-0.5275214857226713,0.9656886511976552,6.037000000000003e-08
229,13,81583745.0,80717156,rs1359790,A,G,1301,0.4407417057067927,-4.908021011997075,0.8753196596847322,1.0581216176847703,-1.083878440304335,1.3264218659402451,9.200000000000003e-07
230,13,96803384.0,96941553,rs7334728,A,G,1309,0.08919482746848684,1.0750664286906215,5.38381284565544,1.7206941717125248,-0.3074398500014075,0.4671396052241297,7.292432829231636e-08
233,14,25520404.5,25928179,rs10132280,A,C,1327,0.28701609037247816,-1.5547735945968546,-6.787491473727455,-3.3392662889509244,-1.1411298286781733,1.70165532375799,1.1409999999999896e-11
234,14,29219339.0,29736838,rs12885454,A,C,1329,-0.16797874563539753,-1.4395314709384412,-6.365779815222207,-3.3425914541189887,-1.4995141525097957,-1.3352333037210875,1.9430000000000188e-10
235,14,31177705.0,30515112,rs11847697,T,C,1330,0.5382564686868878,1.3105791121681174,5.8846073893887985,1.3722038089987132,2.954614461406852,1.4091189443852612,3.990000000000019e-09
236,14,79374262.0,79899454,rs7141420,C,T,1360,-0.9367250642681384,-4.09073944794405,-7.712890101697469,-5.0225120364811415,-0.7553151676718453,-1.6816846815882265,1.2299999999999866e-14
237,14,93728792.0,93790276,rs3783890,C,T,1370,1.4559733025942534,-0.11303854064456505,-4.945624864969177,-1.5547735945968546,-1.099189769896922,-1.258807142149573,7.590000000000046e-07
238,14,100336419.5,99665331,rs1257432,G,A,1375,0.4845437824410789,-2.5426988193990483,3.1121978480778685,5.0381715921638355,0.09178193154320154,0.21944938982358309,4.700000000000005e-07
239,14,104006912.5,104149475,rs709400,G,A,1377,-0.4015706956301484,0.13830420796140447,-5.323481161728841,-2.9112377262430065,-1.468259675178485,-1.3099876900511542,1.0179999999999927e-07
240,15,52373328.0,51748610,rs3736485,A,G,1400,0.3756192198998185,1.0581216176847703,5.7813126364042855,4.506196411294477,-0.16611480922149532,-1.12946909408066,7.411999999999889e-09
241,15,62240529.0,62125859,rs8026735,T,C,1407,1.640506009460003,-5.1577013121988795,-0.07501849056945034,-0.16365848623314125,0.7439814459789775,1.2034557633338459,2.500000000000006e-07
242,15,66099717.5,67033151,rs1440372,T,C,1409,0.3780411837702165,-1.0803193408149492,-0.9549558979724316,-5.777098053176541,-0.7038880403174266,0.013034836136889478,7.599999999999967e-09
243,15,68056383.0,68107072,rs1026737,C,A,1410,-0.8124803737803197,-0.9529015341989396,-8.566091529920586,-4.1467855509899065,-1.3257995563904432,-1.6576407473739498,1.0705679933550598e-17
244,15,72775681.5,73093991,rs7164727,C,T,1413,-0.35926079533585364,-1.0803193408149492,-5.3956129929027,-4.798322513298314,-2.2095630800713644,-1.7879132800575288,6.828999999999956e-08
245,15,77457338.5,77766556,rs6495240,T,C,1415,-0.8285442770644849,-4.949888759483409,-2.2372860657420612,-2.827395199080102,-1.3417304813810782,-2.281819483567729,7.425591152720737e-07
249,15,95532963.0,95269790,rs8033131,A,G,1424,1.3332311752327326,1.4533027486903092,5.4659635568246285,2.7875493692365163,0.4896584617076249,-1.2172739558267016,4.603989280394401e-08
250,16,633630.0,387037,rs7498932,C,A,1430,-1.3265189696873865,-0.9770023473636646,-5.308230674651347,-1.7835785377630864,1.362145726326869,0.6577481139247677,1.1069449647333923e-07
251,16,3383012.5,3627358,rs758747,T,C,1432,-1.1554651400832785,0.037608287661255776,6.155735195756117,1.8591914944718688,0.5505434261111661,-0.18503701891577626,7.472999999999982e-10
252,16,4559770.5,4015729,rs879620,C,T,1433,1.6285892570519038,0.3318533464368165,-6.099952484521978,-2.2115178091866805,0.3020972877180161,-1.1924113297251888,1.0609999999999863e-09
253,16,19397089.0,19931114,rs72771045,T,C,1447,-0.8854070295445143,-2.259167222680859,-8.887766359437268,-4.1549894211580325,0.3847491184496522,-0.2048363319798172,6.234961709387312e-19
254,16,21299737.5,20255123,rs11074446,C,T,1448,-1.81933720860194,-2.664948996658952,-5.6852780474912645,-1.4050715603096189,-2.121779010976756,-0.3372877411362643,1.3060000000000254e-08
255,16,28241184.0,28864471,rs56163509,G,A,1452,-0.8908568772293795,0.40950384006554336,10.485980674113227,4.792355216183668,1.1269211978949942,-0.0066426137775822324,1.0020069370743398e-25
256,16,30209778.0,31110981,rs7196161,G,A,1453,-3.1469959999564545,0.9044233523130688,-6.8370879073689,-2.4316476006165515,-0.44199088754149196,1.906464247611326,8.08191528245385e-12
257,16,50521874.5,49062590,rs2080454,C,A,1456,0.14767406541203573,1.4395314709384412,5.403179182477858,3.575170296814941,1.4432054668025318,1.0504745194661056,6.546999999999987e-08
258,16,54643173.0,53821125,rs17817712,G,A,1458,0.021416051653211542,7.633659237813702,28.10592154480712,13.635431525259076,2.72668540857262,0.6735459909732557,8.292567807490612e-174
259,16,56784052.0,56993886,rs821840,G,A,1459,-7.486055454279115,0.3822226375273363,-0.3983908665935009,0.9635067129719788,-3.6524996009035515,0.3005689729823392,7.097441692158101e-14
260,16,67389964.5,68381978,rs2307022,A,G,1465,-0.7119431184991384,2.5426988193990483,4.894372276973901,1.968591669186595,-1.4894169799116328,0.3652832237363383,9.862000000000027e-07
261,16,69947695.5,69857047,rs12927431,A,G,1466,-0.14630390658839662,-1.9681975752968544,-3.983643690984744,-5.231700486065966,-2.7220924094590884,-0.5055109635766957,1.6795773710840862e-07
262,16,71994589.0,72108093,rs2000999,A,G,1467,9.75523178346042,-0.16365848623314125,2.3514580119647843,-0.02506890825871101,3.383608248366877,1.0465655448886204,1.7519999999999889e-22
263,16,75474728.5,75444780,rs34898361,C,T,1469,1.8634003424092933,-0.2436466176474985,1.5778133570018202,-0.4456392932302448,-5.058570361412687,-0.9218454281616586,4.224113872065608e-07
265,16,87231380.0,87575332,rs12445022,A,G,1481,1.1172206344684,-1.0581216176847703,-0.3810043779365431,-0.12566134685507396,-1.4385068333703197,5.3220577277930525,1.0260000000000031e-07
266,17,2815521.5,2133250,rs9914266,C,T,1486,-1.6569059086798603,0.03394326368689294,3.1663241873988857,3.082241603722826,5.347454145647927,0.8350314517645134,8.919999999999995e-08
267,17,5218797.5,5283252,rs1000940,G,A,1488,-0.7564156963483369,0.6903088239330339,5.688180590449077,2.273434650942776,-1.4775129109810246,-2.022739617752483,1.2840000000000082e-08
268,17,6529366.0,7091650,rs314253,C,T,1489,-5.011490679319956,1.475791028179155,-0.4999646055353832,-1.2535654384704409,-1.2581926291672296,0.7525838923546401,5.400999999999974e-07
269,17,7811911.5,8161149,rs4791641,C,T,1490,5.150350579037204,0.30548078809939744,-2.1888189751640224,0.5244005127080407,1.6243379596129248,0.418885246338836,2.599999999999973e-07
270,17,17634331.0,17420199,rs4646404,A,G,1498,-1.2236083716078652,-0.8964733640019166,1.165541183361242,-5.078713120324377,-0.3785760634013357,-2.2354167723787577,3.799999999999966e-07
271,17,20073338.5,21284223,rs4640244,G,A,1499,2.9691755042205603,0.037608287661255776,4.5838004550803335,5.535693087570987,1.1462590048311905,0.9716996318419692,3.099999999999996e-08
272,17,35639190.0,34929379,rs59720361,G,A,1505,-2.0879269276165067,-0.8420943648218321,-5.285367676317281,-4.7567121746221215,-0.5007187137950758,2.805555052818514,1.254525281599264e-07
273,17,44466463.5,45497548,rs4968228,T,C,1510,-6.775440299344231,1.7223085431204732,2.208254358769933,1.2034403139734229,-0.7811678160969231,-0.8352090767432868,1.2402795114105211e-11
274,17,46696711.0,46243016,rs208019,T,C,1511,-0.5021362481812249,-2.2780560831980967,5.6753540096641775,1.6482693066013012,0.8517583995138782,-0.5949154339616751,1.3840213475589662e-08
275,17,54478486.5,54082855,rs535607267,G,T,1516,-1.2815387319071692,1.9370504785963911,5.039010226101197,0.9106361266522364,-1.4046657021840347,-0.5017488439167147,4.6794548508459253e-07
276,17,56422526.5,56445908,rs7219031,A,G,1517,-0.030012182325211238,2.7884243937210935,1.267495459294676,-0.2214713261794796,1.7217379466764258,5.151435594726034,2.584999999999975e-07
277,17,58400133.5,59013488,rs7212798,C,T,1518,0.2426007113512837,-0.5786464668259055,-0.2960311180719767,0.6220802561616902,5.622696066143821,0.11429997792338965,1.8799999999999957e-08
278,17,62346858.5,61893398,rs7223966,A,G,1520,-1.6989956671759383,-2.6437218896354966,-4.878861415409191,-5.265248311388316,-1.433747261006696,-1.5640748136825946,1.3999999999999935e-07
279,17,78068112.0,78615571,rs12940622,A,G,1528,0.3427321152034291,-2.457263390205438,-5.961848716123103,-2.2262117693171737,-1.7209869058586635,-0.07753242183119677,2.494e-09
280,18,21823061.5,21094207,rs11664076,T,C,1542,-2.3860463838185173,-1.3031632076866648,-5.80397817143464,-1.445066474105592,-0.4739866881160789,-2.173935227289419,6.475971135248205e-09
281,18,41407377.0,40147671,rs7239883,G,A,1554,0.7079118506185639,0.9541652531461888,5.236895601507025,4.2648907939228256,0.16864446936927466,0.662267190250713,1.6329999999999993e-07
282,18,53384006.5,52486749,rs12956561,A,C,1560,-1.3113551442292009,2.9424357714299867,5.645332649894544,1.4627415494611715,-1.0810074493082624,-0.5998593132950288,1.6486216832423908e-08
283,18,57080351.5,56883319,rs7243357,G,T,1562,-0.31508120303026743,-1.9188762262165784,-5.497277271470847,-2.3656181268642924,0.3438781828074253,-0.08834811272693277,3.8569999999999623e-08
284,18,58325617.0,57857135,rs8097210,G,T,1563,-0.661899197559881,3.797406758132447,15.584296405890806,6.653706536547254,5.258798076876606,0.8940409155603006,9.308257267850182e-55
285,19,1354562.5,1937193,rs11672550,C,T,1580,-0.16188044795217774,-0.3988550656423368,-5.121945064711968,-2.483769293250532,-1.2934496139030771,0.509930718708511,3.023999999999983e-07
287,19,12377577.5,11392431,rs376642,T,C,1588,-5.0228134439093335,0.41246312944140456,-0.5974604572762968,0.7554150263604692,0.5438069873877838,1.7606952331523225,5.091999999999947e-07
288,19,17392139.0,18389135,rs12608504,A,G,1592,3.1129936538811256,1.475791028179155,0.4491825145998882,5.026312836056685,-0.3514206401750785,1.0236513115560821,4.999999999999984e-07
289,19,19143666.5,19695228,rs73004951,T,C,1593,-11.67430612638698,3.5709327182278283,-3.4860084780162204,1.5972184744502549,-2.2001423075863937,-0.7396704213098096,1.7246722402659397e-31
290,19,31737237.0,30920847,rs1433076,G,A,1600,-0.5727354746444692,-0.2465832195480811,-5.279048843877988,-1.275943101988298,0.056439613779296564,-1.0498219096264059,1.298561896815895e-07
291,19,33504736.0,33893008,rs3786897,G,A,1601,1.2410155622159094,-1.015222033217022,2.116644857882189,6.604077590405635,-1.9638921534748168,0.0,3.99999999999998e-11
292,19,35366123.5,34318841,rs555697,G,A,1602,0.4815880988103141,-0.18807220069113031,-6.49850907348188,-0.8717316537191394,-0.7192512939339198,0.18376221416868604,8.111990355611423e-11
294,19,45423402.5,45422946,rs4420638,G,A,1609,25.800647350757927,-5.1112701470958255,-3.480167708632367,-4.476153085191852,6.519164680538478,0.8283011000797192,8.719999999999067e-147
296,19,48216154.5,47569003,rs3810291,G,A,1611,-1.6512869290393697,0.30548078809939744,-7.831730538970135,-3.63313355094725,-2.3717388369821157,0.3872110098552501,4.8120000000000395e-15
297,20,6280961.5,6612832,rs1884897,A,G,1622,-0.1172019773770298,1.6497210636833646,-4.9660509787290525,3.8905918864130937,0.02123925547075855,-0.1937137817207326,6.833000000000018e-07
298,20,14824111.5,15819495,rs8123881,G,A,1628,0.05354208467150685,0.8778962950512281,5.056643419886308,2.7477813854449935,-0.33009259272416863,1.5589847061722562,4.26700000000004e-07
299,20,39023808.5,39091514,rs2902941,G,A,1641,-5.713309340323758,0.6128129910166271,2.2190988540119108,-1.0803193408149492,-0.2560803430582325,1.7429634469751532,1.1079999999999928e-08
300,20,40098272.5,39755154,rs6072279,A,G,1642,9.732834207415928,1.159056279413198,-1.531767838016968,1.7288086555660938,2.1933343292644567,0.7979491490676334,2.184207925785546e-22
301,20,50856103.5,51090881,rs6096972,G,A,1648,-0.14133382601926706,-0.6480606100767493,-5.990143715370729,-4.617274211293691,-0.2719634800278967,-0.7612629926225309,2.0965568797199226e-09
302,21,35874919.0,35607496,rs8131284,C,T,1670,-0.43026896506857343,-1.2265281200366007,-0.16073769388405634,2.5793026781928923,7.5252985375549875,-0.9985762706156536,5.2599999999999133e-14
303,21,39597303.0,40291740,rs2836754,T,C,1673,-0.2310190532627081,1.3407550336902043,-5.061440774687191,-3.1946510537632866,0.8113200479115632,-0.304561691989309,4.160999999999965e-07
304,21,46834665.5,46570896,rs427943,A,C,1678,0.6161432186875427,-1.792830693763752,-5.0718822989841374,-3.1381807680539326,-2.3795583191008967,1.8443647561247407,3.938999999999971e-07
306,22,28743275.5,29450923,rs2179129,G,A,1688,-1.171992667645943,0.4958503473474532,0.5428980480297118,-6.08024373037442,-1.942514056019929,-1.2013898797037863,1.1999999999999954e-09
307,22,30545858.5,30667277,rs9608859,T,C,1689,-0.5297287666496145,-0.4676987991145081,-0.5795768621491227,-2.014090812018139,-5.012956563246715,1.0185850599347694,5.359999999999969e-07
