,CHR,MiddlePosition,position,snp_ids,Ref_allele,Alt_allele,Region,z_UKPSC-INTIBD-INTPSC_CHOLANG,z_UKIBD_IBD,PVALmin
0,1,951595.0,1721479,rs2272908,C,T,1,-0.3836652186477161,5.256027861141041,1.47199999999999e-07
2,1,8306267.0,8046378,rs225120,T,C,6,-0.143439882877811,-7.899927516158714,2.79065664985669e-15
3,1,19566024.0,20201913,rs6674040,T,G,13,0.5120595668474512,-9.138935622107207,6.30700000000007e-20
4,1,45934342.0,46822147,rs112124254,A,G,28,-0.5514498099679512,-4.998326522803712,5.782999999999998e-07
5,1,67708649.5,67682196,rs11576518,A,G,42,-1.2525941082409648,-18.954836995847078,4.0280000000002516e-80
6,1,149950067.0,150679033,rs1336900,A,G,75,-3.0707100156152807,-6.647358311911782,2.984000000000034e-11
8,1,155553268.0,155164480,rs12411216,A,C,78,0.06570143039154819,-6.609622989803048,3.85299999999997e-11
11,1,198275699.0,197714774,rs2488391,C,T,101,-1.7305014857114929,7.0938670967418656,1.3041538108201493e-12
12,1,199688766.5,200085004,rs2816972,A,G,102,0.16449620056402506,-5.495502239221495,3.895999999999979e-08
13,1,200863812.0,200877562,rs7554511,A,C,103,-1.3643804454769812,-9.576911787414252,9.999000000000005e-22
14,1,207241814.5,206943968,rs3024493,A,C,107,0.3253398223396572,11.601673045705118,4.040999999999841e-31
15,1,209599057.0,209970610,rs59043219,A,G,108,1.5980469329778764,5.716094713223603,1.0899999999999787e-08
17,2,25790951.5,25195577,rs76286777,C,T,148,1.2609627274427948,6.581571995821768,4.6550000000000094e-11
18,2,27746881.0,27730940,rs1260326,T,C,149,-0.4891881028806813,5.3339669877979965,9.608999999999994e-08
21,2,61360522.0,61204641,rs7608697,C,A,173,3.962484062010199,11.074343679501178,1.6709999999999973e-28
22,2,102255547.0,102615279,rs2071008,T,G,192,0.2651452432158649,6.0158909316614775,1.7889999999999958e-09
23,2,103138490.0,103002395,rs3755274,A,G,193,-0.7770411829497843,7.550454565455718,4.337416950490773e-14
24,2,112247144.0,111913056,rs13405741,C,T,199,6.0595986665785055,4.141461370709648,1.3646160047478878e-09
25,2,145482527.0,145506501,rs72852199,T,C,219,-0.26447383704927324,-5.834054608250963,5.4096403555566714e-09
26,2,183311819.5,182308352,rs6740847,A,G,243,3.543276026504286,7.41480923067208,1.2179999999999664e-13
28,2,200443704.5,199629722,rs12619940,A,C,251,-2.277443203726941,-6.0764027758528485,1.2290846546875284e-09
29,2,204308939.0,204633784,rs62184019,T,C,253,6.3703421857993145,2.4365041325840893,1.886069240750356e-10
30,2,219425015.5,218990292,rs3890158,G,A,262,-1.9443338190753159,-6.532723113694461,6.458447963500486e-11
31,2,234350495.0,234170324,rs140643155,A,C,270,-1.4738419128551363,-11.740504914940846,7.901331240927591e-32
33,2,242669420.5,242484701,rs76527535,T,C,277,1.4092959235022158,-5.5491267407786165,2.871000000000013e-08
35,3,48522092.0,48770306,rs11715713,T,C,311,4.739949683277238,8.506781259255233,1.7882845897209582e-17
36,3,50574493.5,49714225,rs1131095,C,T,312,9.212320283185989,12.46095631642483,1.218999999999997e-35
38,3,101838588.5,101023748,rs503734,A,G,341,1.8898854462638748,5.561542851527677,2.6739999999999907e-08
39,3,187873279.0,188402471,rs73196739,T,C,392,-2.941652426783288,-5.033025053832724,4.827999999999927e-07
41,4,11511093.0,10718589,rs7437047,A,G,411,5.0930066758251975,1.8629450336499789,3.5242928409110754e-07
42,4,36637741.5,36079976,rs7688524,A,G,429,2.625605453985804,5.216434533582111,1.8239999999999798e-07
43,4,38081034.5,38588453,rs11734570,A,G,430,2.659703178928054,5.458527319942646,4.800999999999989e-08
45,5,10446051.5,10684942,rs3822411,C,T,530,-1.0291588798625726,5.555134244379652,2.7739848621377984e-08
46,5,39545069.5,40245696,rs72748445,A,C,547,0.5382175969761838,-7.817880853390398,5.371999999999971e-15
47,5,41088219.5,40391104,rs6865484,C,T,548,-3.240920268495453,-14.667096982474868,1.0473087871912582e-48
48,5,76711099.0,75973742,rs115894903,T,C,566,0.7194588243951145,5.116656046128538,3.109999999999994e-07
49,5,96639560.0,96247810,rs6873866,T,C,578,-1.1399771927543034,7.197159126653325,6.147999999999927e-13
50,5,111401353.0,111848890,rs341295,T,C,587,0.4223612198107214,5.667258917518155,1.4510000000000068e-08
52,5,130829337.0,131731326,rs12517950,G,A,600,-1.0134095914288492,10.856515733964851,1.856999999999963e-27
53,5,133458525.0,134440426,rs254563,A,G,601,0.967638878921258,4.9321246024572805,8.134000000000019e-07
55,5,149611961.0,149605994,rs17656349,C,T,609,-1.6836243642808186,-5.841702564210807,5.167000000000004e-09
56,5,157727199.0,158814533,rs10045431,A,C,614,-0.8009712853779464,-11.789453956705707,4.4239999999996387e-32
57,5,159399821.0,158829294,rs755374,T,C,615,-0.5741463228132703,13.155325040161605,1.5859999999999082e-39
58,5,176351051.0,176794191,rs12654812,A,G,627,-1.1031998912255137,6.300284401978892,2.971000000000011e-10
59,6,14006156.0,14719243,rs1314114,C,T,643,1.0099341562695998,-5.945508468806772,2.756000000000019e-09
60,6,20445776.0,20674811,rs1012636,G,T,646,1.6207939412522498,-6.7917257900802275,1.108000000000005e-11
61,6,25268431.0,25424191,rs4632883,A,G,650,12.8187125718615,-3.489679586855804,1.2882172432944435e-37
62,6,26237910.0,26670618,rs149123117,G,A,651,17.78741898084149,-2.758484832154785,8.846180651697422e-71
63,6,27404526.0,27793992,rs35706352,A,G,652,19.53200260635764,-3.2722022109266606,5.869210257346785e-85
64,6,28467713.5,28682725,rs9393926,G,A,653,21.554264543240627,-1.7464084654285608,4.828802692079287e-103
65,6,29327789.5,29546799,rs1233396,A,G,654,23.580997158729314,-1.6815816053759105,6.03894943049617e-123
67,6,31184693.0,31315389,rs9265958,A,G,656,39.43764435194445,-4.499864261907222,0.0
69,6,32959580.5,32706209,rs9276348,G,A,658,30.078830313029126,-0.3991781856683407,9.16784069497379e-199
73,6,90908124.0,90931858,rs62408218,T,C,692,3.5169411425271244,-6.333153741763827,2.401999999999991e-10
75,6,111324630.5,111913262,rs33980500,T,C,705,1.1378637879816649,5.802406108696494,6.536999999999978e-09
76,6,138218423.5,137959235,rs6933404,C,T,722,0.15002999700059974,5.799759739902124,6.640999999999958e-09
77,6,159399608.0,159472295,rs212402,G,A,734,-1.7615637741567505,5.720998231341352,1.0589999999999955e-08
78,6,167533784.0,167432766,rs35171809,G,A,740,0.1258332229580096,8.818889935263783,1.1559999999999875e-18
79,7,3672827.5,2789880,rs798502,C,A,748,0.21978489385305888,-5.2406637884309895,1.5999999999999924e-07
80,7,10643348.5,10347299,rs10226514,A,G,755,1.3869372732751717,-5.337436311115331,9.427000000000009e-08
81,7,50443800.0,50304461,rs1456896,C,T,779,0.48294823739195897,-6.586472147290841,4.503999999999997e-11
84,7,148827988.0,148435339,rs243505,G,A,835,-1.5467074707261228,-6.296827005792293,3.0379999999999987e-10
85,8,48461892.5,49120463,rs77535993,T,G,881,1.0571925373252309,-5.046235481109991,4.5060000000000066e-07
87,8,127535014.0,126529074,rs4380956,G,A,925,-2.9633288713877164,-7.114892619771546,1.1199999999999983e-12
88,8,129520125.0,129552540,rs938650,A,G,926,0.5270815876123912,-5.671805922958957,1.4129999999999952e-08
89,8,132495384.5,132007456,rs6470877,C,T,928,-1.1511090304571416,5.171678904833868,2.319999999999988e-07
91,9,5721257.5,4981866,rs36051895,T,G,942,1.8228453033650447,11.247592415985329,2.3799999999999573e-29
92,9,117470880.5,117547772,rs10114470,T,C,995,-0.09136191766814064,-10.783971877553112,4.0979999999999305e-27
93,9,139219660.0,139269198,rs3829110,G,A,1009,3.0018892384630047,12.559624344461088,3.519999999999599e-36
94,10,6577623.0,6108340,rs10795791,G,A,1017,7.266680328733332,2.201085098587332,3.6842928178614745e-13
96,10,32807743.5,32226455,rs12264039,C,T,1034,-1.5806941513145452,-5.623918180589883,1.8667409239058842e-08
97,10,35840931.5,35492832,rs2384352,G,A,1036,1.8934252031701728,7.289200388834879,3.118000000000012e-13
99,10,77064682.0,75658864,rs2675680,T,C,1059,0.02289104628451907,-5.23997310703497,1.6059999999999976e-07
100,10,81645714.0,81053560,rs1250559,A,G,1061,-0.5851939849314927,-7.766500263100754,8.068441214152495e-15
101,10,94365707.5,94429467,rs7918084,C,T,1069,-2.3036913855809766,-5.675480373952037,1.3830000000000166e-08
102,10,101808819.5,101286495,rs6584282,A,G,1074,4.130854512083426,12.277661342398824,1.1939999999999996e-34
105,11,16660477.0,17405347,rs1002227,A,C,1107,-0.2529664009310327,4.9533142595752935,7.295999999999932e-07
107,11,64851600.0,64107735,rs663743,A,G,1131,-5.357810466972494,-3.7563638401967583,8.42365376311843e-08
108,11,73349184.0,72571275,rs10898885,T,C,1136,-2.3695824526696687,-4.961966063880398,6.978318998967072e-07
110,11,129265556.0,128385906,rs11221335,C,T,1175,1.7795881546020715,5.5774998464657735,2.439999999999982e-08
112,12,40021677.0,40614434,rs76904798,T,C,1204,0.44084124126492535,5.969830633838365,2.375000000000023e-09
113,12,68868135.5,68492980,rs12825700,A,G,1221,1.3547029194624056,10.46318236993369,1.2749999999999854e-25
114,12,111800118.5,112610714,rs11066188,A,G,1246,3.8756807144036,6.724745179778321,1.7589999999999842e-11
116,13,28270956.5,27543233,rs57378442,T,G,1268,1.3801490736817044,7.983028215747704,1.4278624960879733e-15
117,13,39973713.0,40794504,rs61954179,T,C,1276,5.147519402586066,0.972302661839638,2.63953709642832e-07
118,13,44001218.0,43340001,rs9525677,A,C,1278,-2.4988447330716648,-5.052401782873114,4.3628872113984913e-07
119,13,99756507.0,100005169,rs9300539,T,G,1311,-3.3462571628612165,-5.133296482834767,2.8471087089897427e-07
120,14,69562137.0,69282887,rs194746,T,C,1355,1.6973144484819451,6.718503765414746,1.8359999999999934e-11
121,14,88566492.0,88462988,rs7140285,T,C,1367,0.3972555852344939,6.6515613104593125,2.89999999999995e-11
122,15,68056383.0,67452988,rs9920190,G,A,1410,0.30589540696126805,9.980384618746395,1.8574536704328518e-23
123,15,69575670.0,70022499,rs71393462,C,T,1411,0.3053480921033979,-5.012998553732854,5.358829980877973e-07
126,16,12066629.5,11699720,rs12933316,T,G,1441,2.5957530699201734,5.249032622464413,1.5289999999999992e-07
127,16,23292889.5,23864647,rs7404003,C,A,1449,-1.9228283854780184,-5.2664329734473725,1.3909999999999854e-07
128,16,28241184.0,28864471,rs56163509,G,A,1452,1.6734910777490104,8.264951179774622,1.3975192443773e-16
131,17,32225611.5,32617265,rs714910,C,A,1503,-1.9011228261214488,-7.8075594457774065,5.830597815083271e-15
132,17,37843374.0,38043649,rs12936409,T,C,1506,0.10778218776773793,11.34642195277673,7.725999999999994e-30
133,17,40835948.5,40515826,rs35314169,T,C,1508,-0.7702863104067211,-10.98404550349749,4.560335757953491e-28
134,17,54478486.5,54922026,rs9913602,C,A,1516,-0.5719597887963799,-4.985127919424459,6.192083212249165e-07
135,17,71030010.0,70641327,rs4072601,A,G,1524,0.4597434066955177,-7.1539268766135535,8.433000000000081e-13
136,18,2917284.5,2825418,rs673783,G,T,1533,0.4575521828163431,5.272606145341316,1.344999999999988e-07
137,18,13173119.5,12780464,rs9952991,G,A,1539,3.2377079738912657,8.48880602338953,2.0877085194182812e-17
138,18,46835158.0,46404281,rs56349175,A,G,1557,0.04377213725647777,-4.949511452617793,7.440000000000012e-07
139,18,67898499.5,67536617,rs8099412,C,T,1570,5.965929382139182,2.883165927512972,2.4324547677943243e-09
142,19,19143666.5,18557673,rs2303693,T,C,1593,-1.3571536390549042,5.005352142706681,5.576000000000003e-07
144,19,41558087.0,41218611,rs2604913,G,A,1606,0.626668971626967,5.1848403373832745,2.1620000000000002e-07
145,19,46626389.5,47143753,rs10422977,C,T,1610,3.360705878234512,4.922398287041862,8.548999999999954e-07
146,20,6280961.5,6093498,rs6085407,G,A,1622,-1.8948649028360816,-5.0059402508815145,5.558999999999953e-07
147,20,40098272.5,39930029,rs17181845,G,T,1642,2.7072365984523765,5.0817364926039295,3.7400000000000184e-07
150,20,57427265.5,57855032,rs154873,A,G,1651,-0.6245182143060355,-6.157783732408914,7.376999999999956e-10
152,21,17002073.5,16812630,rs1297262,T,C,1657,-0.975990743722605,-12.155519943287866,5.361956128672966e-34
155,21,40936214.5,40506661,rs2142114,C,T,1674,1.8816240325846176,5.058937052795312,4.2159999999999933e-07
156,21,43913898.0,43836186,rs11203203,A,G,1676,4.936086607830134,1.7445685458884754,7.97057228040419e-07
157,21,45341686.5,45618114,rs59998884,T,C,1677,3.58270357019987,11.129830302439306,8.980631061293329e-29
160,22,30545858.5,30562239,rs8141765,A,C,1689,0.8772069311171674,6.184018599835688,6.248999999999995e-10
