,CHR,MiddlePosition,position,snp_ids,Ref_allele,Alt_allele,Region,z_UKPSC-INTIBD-INTPSC_CHOLANG,z_IMSGC-WTCC2_MULTSCLE,z_VAN-HEEL_CELIAC,z_UKIBD_IBD,PVALmin
2,1,8306267.0,8046378,rs225120,T,C,6,-0.143439882877811,1.5206030639171255,4.074055942823527,-7.899927516158714,2.79065664985669e-15
3,1,19566024.0,20201913,rs6674040,T,G,13,0.5120595668474512,-1.9339427772241984,-0.6025939139293092,-9.138935622107207,6.30700000000007e-20
5,1,59377904.0,59465268,rs2985882,A,G,37,-0.2625966488742759,-1.29505618980036,4.9131704147833135,-0.9801744787416994,8.961531923676e-07
6,1,67708649.5,67682196,rs11576518,A,G,42,-1.2525941082409648,-1.478851267104742,0.4491631922082605,-18.954836995847078,4.0280000000002516e-80
8,1,101433710.5,101461303,rs11590179,G,A,62,-1.0726611767002583,8.534190365267326,2.4502792870691423,2.222789462093665,1.411402865005126e-17
14,1,163769211.5,163666085,rs1768785,C,T,82,-0.7503272619330847,0.7048696736430807,6.010192003063505,-0.3552530834136512,1.8530373436045036e-09
18,1,192988186.0,192524269,rs2816305,C,T,98,-0.6220699317600885,-4.3760827092083066,-7.532960829126828,-1.6164363711150205,4.960249524982045e-14
20,1,199688766.5,200085004,rs2816972,A,G,102,0.16449620056402506,1.1645529457001371,2.0607174905843566,-5.495502239221495,3.895999999999979e-08
22,1,207241814.5,206943968,rs3024493,A,C,107,0.3253398223396572,1.173392142381487,-2.0610576743961126,11.601673045705118,4.040999999999841e-31
23,1,209599057.0,209970610,rs59043219,A,G,108,1.5980469329778764,1.6338977984298992,-0.16506925629585906,5.716094713223603,1.0899999999999787e-08
26,1,248291992.0,247744514,rs4925685,G,A,133,0.12248673397556165,4.929190909373551,0.5360654253673686,0.3808696148884583,8.257085812214605e-07
29,2,27746881.0,27730940,rs1260326,T,C,149,-0.4891881028806813,-0.6270903688328051,1.355997385237264,5.3339669877979965,9.608999999999994e-08
31,2,37127359.0,36540292,rs2216881,G,A,156,-0.133093951778433,6.124254707457228,0.21776126953269467,-1.013335366795966,9.110905207060769e-10
32,2,43811696.5,43347932,rs58700409,T,C,160,-0.2365819097057085,-7.817741467761599,-3.634737235168173,-0.12856735349711151,5.3779499840595285e-15
33,2,61360522.0,61204641,rs7608697,C,A,173,3.962484062010199,2.793047476021334,5.569767981604327,11.074343679501178,1.6709999999999973e-28
34,2,68574870.0,68433831,rs6736178,G,A,178,-0.7423105818995178,-5.713537811614135,-0.5920417686828686,-1.165541183361242,1.1065127329211836e-08
35,2,83380760.5,82333257,rs962164,T,C,186,-0.2131149924336629,5.684639153663424,-0.7294487456764975,0.3565883503121897,1.3108914842586564e-08
38,2,112247144.0,111892984,rs6746608,A,G,199,-3.102969062043643,6.770619354838615,3.719332656203042,2.1779467690963554,1.2823224511454027e-11
41,2,181789385.0,182050691,rs4667122,T,C,242,1.2359312278601806,1.3787933646856312,-7.179769398355043,-0.2915901597762285,6.982909838200624e-13
45,2,204308939.0,204766626,rs11904099,T,G,253,1.1987251561554793,-2.9931288751075638,7.806484409446622,1.2291915402298852,5.880524054125926e-15
47,2,230607088.0,231095678,rs7563433,C,T,268,1.3753646789124552,5.891598338823131,3.087323140965917,4.718662752324713,3.824779366508859e-09
51,3,5257415.0,5328275,rs6442942,T,C,281,-0.5394721429380769,-0.8174232905241577,-6.6207832956834185,-0.2392651331446439,3.573004472445907e-11
54,3,28491585.0,28071444,rs669607,C,A,298,-1.6372281453725368,6.649946286843799,1.802861300837015,-0.7815144182003669,2.931999999999941e-11
56,3,45911326.5,46018344,rs13066062,A,G,309,0.332093360367232,-5.348872899629479,7.734997702561637,-1.686497584218604,1.0340497157011273e-14
57,3,48522092.0,48770306,rs11715713,T,C,311,4.739949683277238,0.2003830534285752,-1.3359656277534635,8.506781259255233,1.7882845897209582e-17
58,3,50574493.5,49714225,rs1131095,C,T,312,9.212320283185989,0.2266048450696719,1.7844552929276432,12.46095631642483,1.218999999999997e-35
60,3,68781838.0,69259014,rs34263064,C,T,323,-0.7454461751193031,-1.376674460444946,6.016128118192703,0.24636460895624235,1.7863820780113597e-09
62,3,75013383.0,74504652,rs7429597,G,A,327,0.5214591857878103,0.3742084209949693,-5.5199599687194,-0.5443270142672506,3.3907689952503166e-08
64,3,101838588.5,101746730,rs1828668,C,T,341,1.0222367631815958,6.603994726829543,-2.858238552117522,0.4115081041784661,4.0022376768458114e-11
65,3,119526653.0,119150836,rs1132200,T,C,351,1.2046115556477026,-5.1754190581806565,-2.838683954079458,0.9506147071141612,2.2739999999999895e-07
66,3,121248576.0,121783015,rs75937181,G,T,352,-1.192395488082698,-7.002549077066084,-1.809196676756344,1.2722058208629907,2.5134679533741293e-12
69,3,158394959.0,158350118,rs4680449,T,C,375,0.6071849010981916,-0.16665811140230982,4.950400789345241,-2.549750615956828,7.40608040303753e-07
70,3,160501197.0,159691049,rs479952,G,A,376,-0.008888194417315733,-3.962414680181013,7.741563756710951,0.20675653840667388,9.820143050988077e-15
72,3,177213726.0,176946558,rs28795165,C,T,386,0.5420285970315594,-4.9793556982047695,-1.9331656725296649,-0.11758057130057165,6.379629862585577e-07
73,3,187873279.0,188082919,rs4686953,C,T,392,0.28060856186425776,3.732134236041369,-10.914783054323564,-0.7994624772684725,9.79629077178767e-28
74,4,1086713.0,865105,rs60523283,A,G,401,0.819252708265283,-5.377596386323984,0.9822509986056508,-0.17433779234146754,7.54868034137112e-08
77,4,19693215.5,20192669,rs73249157,A,G,417,-0.2513384172783783,2.4512090040243493,5.216435586716948,0.14463381174882095,1.8239896345495237e-07
78,4,35585925.5,35484448,rs6531363,A,G,428,-0.14786142160820676,-6.11393672338267,-1.3532545414415975,-1.8716864156562891,9.720286056677584e-10
82,4,51000516.5,53214450,rs28599886,A,G,437,-0.14953929249531753,-0.7891773305091059,4.986472870220414,-0.4827123401840874,6.149153647762026e-07
83,4,88386338.0,87792170,rs13138790,C,T,458,0.3292628129625325,-6.177260112711736,0.4216496128328544,-0.5025225417872085,6.522356831528539e-10
85,4,123472234.0,123368516,rs10027390,C,T,478,-5.025940011579924,2.0839514161392767,-10.807273491883194,-5.000776076252048,3.179807707254887e-27
86,4,133791233.5,134358917,rs13107301,C,T,487,-0.6298809411309412,5.957433535670247,-0.5182325553900667,1.2068238214880738,2.5622986534876024e-09
91,5,62445991.0,62720889,rs56356819,T,C,559,-0.6823518154148924,-5.000431934078327,0.8402029976398917,-1.7909582187425557,5.720202000181067e-07
98,5,133458525.0,134440426,rs254563,A,G,601,0.967638878921258,-0.5394236530758477,2.2783545913154675,4.9321246024572805,8.134000000000019e-07
101,5,157727199.0,158814533,rs10045431,A,C,614,-0.8009712853779464,0.9285930982460012,-0.4015706956301484,-11.789453956705707,4.4239999999996387e-32
103,5,170289978.0,169550082,rs66670353,C,A,623,0.3951290928291668,-1.4912382304623957,5.337393495450263,0.9611037586840772,9.429225628241366e-08
124,6,128700746.0,128015314,rs557258,T,G,716,0.1711519792465167,-5.609444065663843,6.3400592783907594,1.501988805230536,2.2967677473654565e-10
125,6,135234210.0,135746884,rs7759971,T,C,720,-0.3901397185624665,9.338411147134627,3.752782529270114,0.009274657580969695,9.779051635601264e-21
126,6,136919197.5,137438563,rs62420822,C,T,721,0.7434285439771597,7.884042459558966,1.6728172951645577,-0.9733084983286237,3.1695650884358648e-15
128,6,139334032.5,139491093,rs2327935,A,G,723,2.20849111386032,-2.6471383885803252,-5.071062892091568,-0.2703616950503551,3.9559999999999843e-07
129,6,159399608.0,159472295,rs212402,G,A,734,-1.7615637741567505,-6.071020450135856,5.241588603210711,5.720998231341352,1.2710000000000083e-09
130,6,167533784.0,167432766,rs35171809,G,A,740,0.1258332229580096,-0.016758372904736637,-1.8014559710762128,8.818889935263783,1.1559999999999875e-18
131,7,3672827.5,3118246,rs6461820,T,C,748,-1.1878716260606532,-5.25000554852709,-1.0610283749366842,-1.3987098808575746,1.5209462900987645e-07
132,7,10643348.5,10347299,rs10226514,A,G,755,1.3869372732751717,-0.13635646137471044,-0.2537892153834037,-5.337436311115331,9.427000000000009e-08
133,7,46469821.0,46269525,rs10254527,G,A,777,-0.6992438773418038,-5.046633164699767,-0.8991922362585846,0.4766659683791977,4.496635216839337e-07
136,7,95020054.5,95574191,rs56016882,T,G,801,-0.24346150880232426,0.37262104701230336,5.06645849480255,0.2155703227203131,4.0528506794974485e-07
142,8,39821071.5,39447978,rs4437612,C,T,877,-0.8792621907030916,5.465031961183225,-1.739817367457845,0.09703323658552213,4.628234055604316e-08
148,8,132495384.5,131712063,rs9643259,C,A,928,-1.0475476122830814,0.6755752260135102,-5.709334600588317,-1.37801065003878,1.1341871845233538e-08
149,8,143640897.5,143687456,rs13254010,T,C,935,-0.8116668035591954,-5.220138295733361,-0.3566774701189342,-1.9442110982121683,1.7878957047946364e-07
152,9,75228493.0,74359034,rs62549287,C,T,969,1.093043000069067,1.0284502624924563,-5.316566962760189,-0.77608296703463,1.0574331877204464e-07
154,9,139219660.0,139269198,rs3829110,G,A,1009,3.0018892384630047,0.2604593199305688,1.2123062635272122,12.559624344461088,3.519999999999599e-36
155,10,3962486.5,3735711,rs77097015,T,G,1015,-0.16147135968957416,-1.2513350164763075,5.637126440775679,1.0293824345554237,1.729111571369374e-08
163,10,81645714.0,81046265,rs1250567,C,T,1061,0.40113464073799415,5.64524241039066,-7.911290176215032,-6.442269550033889,2.5473499500168215e-15
169,11,642222.5,229454,rs12791148,C,A,1096,-0.07678541528181004,-5.339062004905031,0.10945109736450233,-0.4747011473982129,9.342869004452088e-08
177,11,129265556.0,128385906,rs11221335,C,T,1175,1.7795881546020715,1.0778515725588922,6.598442345026562,5.5774998464657735,4.154999999999993e-11
181,12,46869511.0,46238640,rs975444,T,C,1208,0.27801258964298753,6.0312247343040575,5.014161513419616,0.9123205491470792,1.6272170934585389e-09
182,12,58428763.0,58099736,rs7295422,A,G,1215,1.8832687009558664,8.093107568917619,3.2586628042886354,2.4829482924896293,5.816145805152981e-16
183,12,68868135.5,68492980,rs12825700,A,G,1221,1.3547029194624056,0.28505473729109737,-1.9573124547098657,10.46318236993369,1.2749999999999854e-25
185,12,114511655.5,114567720,rs4767224,T,C,1248,1.7356085388128273,4.999813433289813,0.2324026595163957,0.691888210286593,5.738581473155603e-07
186,12,123492815.5,122931793,rs10744210,A,G,1254,0.020832666655999976,-5.6632360056169375,-2.164638804654077,-1.5481770532623012,1.4854463125135081e-08
187,13,21464447.0,22176150,rs9509811,A,G,1263,1.539953895413751,-1.4755747924014473,-4.954510018951338,0.18669471508394767,7.251278051288207e-07
193,13,91825501.0,91461875,rs2351240,A,G,1306,1.805557254700056,6.049490759087808,-1.8560541482947923,0.36917136250308974,1.453043988085852e-09
194,13,99756507.0,100005169,rs9300539,T,G,1311,-3.3462571628612165,-2.1055612267321413,-2.680638074634974,-5.133296482834767,2.8471087089897427e-07
195,13,114341170.5,114925389,rs389108,A,G,1323,-0.3728712914666407,-2.661822661443632,5.328104854354884,-1.3117633336325447,9.92428287843997e-08
197,14,74667191.0,76018672,rs72723635,T,C,1357,-0.9544668668948068,-6.266464386274928,-0.0297171777580275,-4.1091023622651575,3.6933780656111706e-10
199,15,60479976.0,60622926,rs35013903,A,G,1406,0.9727759248665584,0.7648642899003426,-5.077860139985914,-0.9622978672776034,3.8170950460896263e-07
202,15,75013669.0,75434331,rs10851878,C,T,1414,-1.0674329018725175,0.08774822007807731,8.04423600407501,-0.04300192418034805,8.678512924530952e-16
205,16,10973096.5,11189617,rs35099084,T,C,1440,-2.9823646658314606,-7.595395048393713,2.9548722769035223,0.35151769466727784,3.068548471939185e-14
207,16,18144178.0,18145753,rs4781874,C,T,1446,-0.047853944456021896,-0.5378074539728542,-5.270621171029467,0.0,1.3596283201885798e-07
213,17,5218797.5,5249226,rs9903367,G,A,1488,-1.1906389041182812,0.1674601807787683,7.060285052758311,0.2612496396018973,1.6616138922261033e-12
215,17,37843374.0,38043649,rs12936409,T,C,1506,0.10778218776773793,2.6442105220821333,-0.60564173785865,11.34642195277673,7.725999999999994e-30
217,17,54478486.5,54922026,rs9913602,C,A,1516,-0.5719597887963799,1.0318112950613958,1.576690682581837,-4.985127919424459,6.192083212249165e-07
218,17,58400133.5,58015149,rs180520,C,T,1518,0.3990601458427043,8.748692267760623,0.706714517664391,4.063704339432319,2.158393722093627e-18
225,18,49396384.5,50688149,rs28631779,C,T,1558,-1.0695559826395171,-0.33067204931843297,5.1898783977689344,-0.1655641017207652,2.1043145913511646e-07
227,18,67898499.5,67536617,rs8099412,C,T,1570,5.965929382139182,1.5418771819098194,2.99862854329382,2.883165927512972,2.4324547677943243e-09
229,19,6248368.5,6668972,rs1077667,T,C,1584,-0.5804041695232727,-7.02602526400114,1.866367263168762,1.100992319319667,2.1249999999999874e-12
234,19,41558087.0,41218611,rs2604913,G,A,1606,0.626668971626967,-1.4502098826901448,0.5029491838950579,5.1848403373832745,2.1620000000000002e-07
250,21,43913898.0,43836186,rs11203203,A,G,1676,4.936086607830134,-2.11184204107768,3.2643901302712504,1.7445685458884754,7.97057228040419e-07
251,21,45341686.5,45618114,rs59998884,T,C,1677,3.58270357019987,-0.8072653148905986,2.2795354496711795,11.129830302439306,8.980631061293329e-29
256,22,36550627.0,37311089,rs2049908,A,G,1693,-0.5872384524194573,4.997258086443974,1.4125003731878034,-2.3010288574200897,5.815121889459633e-07
